87f6ef2e-2a34-4a73-bbaa-22167bd88eea,'original_image_url',Failed to create thumbnail
b0a9c71f-6588-4fbb-8c41-c0dff6eaf6f7,'original_image_url',Failed to create thumbnail
7d04edb4-7a87-4250-bf0d-2ce837c29923,'original_image_url',Failed to create thumbnail
82120934-0d22-4f94-920e-78725c68c618,'original_image_url',Failed to create thumbnail
1e7b6d12-e061-4301-bb55-8a71544f657e,'original_image_url',Failed to create thumbnail
564a8d77-a917-4d5f-a520-8a567644b827,'original_image_url',Failed to create thumbnail
063eea04-a98f-42e3-9b5a-4bb2da14708a,'original_image_url',Failed to create thumbnail
9485ca5a-d22e-45c4-a4ef-8077ab254561,'original_image_url',Failed to create thumbnail
b06617ef-8e37-466b-b5fc-ad597dd90d1d,'original_image_url',Failed to create thumbnail
41baf77a-38a3-4fad-b0c2-8bd6c7cfad18,'original_image_url',Failed to create thumbnail
872037b0-ddb3-4b4a-b4ea-3c047bb06750,'original_image_url',Failed to create thumbnail
e664ddcf-deaf-40f7-ae51-75752fd4dc78,'original_image_url',Failed to create thumbnail
d30c1e55-f181-49b2-91dc-3caeacac9ee8,'original_image_url',Failed to create thumbnail
f9515a5f-50a5-4aa0-b2b4-5fc39a23bf4c,'original_image_url',Failed to create thumbnail
2bf063c2-9b48-4d51-99b8-c360d93178d3,'original_image_url',Failed to create thumbnail
ec4eb6ba-791b-4909-8a41-f70f610f82fb,'original_image_url',Failed to create thumbnail
83256802-ca69-47fc-9e5e-ffd9ec1998a9,'original_image_url',Failed to create thumbnail
81abfbd4-9aa0-493e-b79c-c479e30b4042,'original_image_url',Failed to create thumbnail
5c461805-f2a4-4dd6-91a7-9a69d185f305,'original_image_url',Failed to create thumbnail
ac3dc498-eea7-429f-9a11-c34c444c5e8d,'original_image_url',Failed to create thumbnail
c6804f44-fb98-4828-8b89-b903c022228b,'original_image_url',Failed to create thumbnail
3ccfe58c-224c-4446-88a3-1d0a7737f236,'original_image_url',Failed to create thumbnail
b83d63bf-288f-4afa-8cef-051f33eb00bf,'original_image_url',Failed to create thumbnail
5366e112-1cd8-4db4-8f50-d5825f64b791,'original_image_url',Failed to create thumbnail
22992e21-fcb0-4320-9111-533e74019631,'original_image_url',Failed to create thumbnail
ca78335a-02dd-40b3-a883-6800886487d9,'original_image_url',Failed to create thumbnail
41b293dc-f814-43cf-9ede-9aaa024c48ff,'original_image_url',Failed to create thumbnail
b9761d72-7398-449a-b70a-b60e71addb9b,'original_image_url',Failed to create thumbnail
054d84f9-2698-410c-90e4-6ec8c7f8c187,'original_image_url',Failed to create thumbnail
20263837-a9fb-4e21-ac83-ed858d251496,'original_image_url',Failed to create thumbnail
6597d99b-6f92-472e-a6bf-41b585859bd8,'original_image_url',Failed to create thumbnail
65c837c1-fc43-4492-b96e-b2c3adc20943,'original_image_url',Failed to create thumbnail
d3f572ae-cf57-4a8b-b42b-fb84308dc237,'original_image_url',Failed to create thumbnail
c27f8786-45e0-47d3-bb98-1a764ab52779,'original_image_url',Failed to create thumbnail
0c786087-9bd7-42e6-99d0-0ef83522b532,'original_image_url',Failed to create thumbnail
77046653-df08-4744-b5dd-1f3bbbee8f2f,'original_image_url',Failed to create thumbnail
0601c5fc-a44c-4610-ba7b-36e2a71dd217,'original_image_url',Failed to create thumbnail
ba49ed96-11d3-4ee8-a670-9aee84c9fd7c,'original_image_url',Failed to create thumbnail
77f6686a-5e4c-4d9d-b0f5-d829115844e8,'original_image_url',Failed to create thumbnail
978173c9-96af-40eb-ae37-a9c67d3fd0f1,'original_image_url',Failed to create thumbnail
bdfec8fd-ccaf-4f87-86ca-c33b154e1896,'original_image_url',Failed to create thumbnail
3457253b-acdd-408c-a57a-e497bf33b75c,'original_image_url',Failed to create thumbnail
d07831fe-054f-4853-8d61-8745528cde4a,'original_image_url',Failed to create thumbnail
a1651786-7ec8-4ab9-8807-19b257006869,'original_image_url',Failed to create thumbnail
04604288-8850-480a-b1d5-618cd40b03da,'original_image_url',Failed to create thumbnail
c6fffd44-4e96-44ab-841a-78f0040c371d,'original_image_url',Failed to create thumbnail
448ab66e-5c9c-455a-8c93-65ca3660ecaf,'original_image_url',Failed to create thumbnail
f40ddcbe-cfd2-44e7-ba1b-e7dd2446f3f5,'original_image_url',Failed to create thumbnail
5649a2e9-3a20-45da-b031-c4035ce5ac82,'original_image_url',Failed to create thumbnail
bc0bfc04-4100-462c-b3a7-5514af6eb472,'original_image_url',Failed to create thumbnail
2f71d54b-3e1b-4211-aa85-151062a760ae,'original_image_url',Failed to create thumbnail
702d636a-9a5a-434d-8eba-668fd58ea1c9,'original_image_url',Failed to create thumbnail
b4264226-a521-4454-9b39-7fcf7927a12b,'original_image_url',Failed to create thumbnail
9e5ab9f7-17ac-4979-888a-8db2db731b01,'original_image_url',Failed to create thumbnail
ccdcae49-5aee-48c3-a765-359a47f3dac8,'original_image_url',Failed to create thumbnail
0c497cde-4aba-4557-8647-91514d7fbc64,'original_image_url',Failed to create thumbnail
1161aa21-fd6f-4495-8299-43fcedd9b35c,'original_image_url',Failed to create thumbnail
1df7a37b-aaef-479c-8b1a-195b8e11a03b,'original_image_url',Failed to create thumbnail
3e03bad1-b29a-495c-9168-1a21e405be3b,'original_image_url',Failed to create thumbnail
776abec0-2f8d-489f-ba70-2ac435c5fb48,'original_image_url',Failed to create thumbnail
f987712f-1d07-45bd-97c6-d35b7e68591d,'original_image_url',Failed to create thumbnail
f5dcb4ae-fb7a-4f44-8382-1efa43b1a1a7,'original_image_url',Failed to create thumbnail
9c4ed863-f893-4934-8046-2fdde9d6f713,'original_image_url',Failed to create thumbnail
f8db3ea6-a109-4aa6-8cb0-0a65b7e8893d,'original_image_url',Failed to create thumbnail
1ac816b4-1685-4b23-b00f-11215e6bbb4e,'original_image_url',Failed to create thumbnail
93214c86-7580-40c6-93cc-20bfbd4c98f7,'original_image_url',Failed to create thumbnail
29538013-9a97-4288-977c-4ca0119a0b8f,'original_image_url',Failed to create thumbnail
8e21477a-acae-4d62-8d55-b816efce381d,'original_image_url',Failed to create thumbnail
1e17811c-c8c4-48b1-a44a-c271cdf16710,'original_image_url',Failed to create thumbnail
0c289d3d-f79b-43ca-96e8-5dc65020b249,'original_image_url',Failed to create thumbnail
b6305ff6-4e85-42f8-8396-b01c20e67844,'original_image_url',Failed to create thumbnail
adc2a34a-4d17-48c1-a9a6-a698cb51e1b8,'original_image_url',Failed to create thumbnail
0911d38c-738e-4c13-aafc-37006f943924,'original_image_url',Failed to create thumbnail
690f00fc-2688-4391-8d3b-ce460cf0edd6,'original_image_url',Failed to create thumbnail
269cbc9e-1c45-4785-baff-bf665ac457e3,'original_image_url',Failed to create thumbnail
b91a0d97-de3a-4ced-9bb4-d72e7d953098,'original_image_url',Failed to create thumbnail
25bf13de-8e9a-49b3-baf8-ad7fd42ce3ae,'original_image_url',Failed to create thumbnail
5473bf3c-0b94-4856-89a5-bd892507e1f0,'original_image_url',Failed to create thumbnail
2c7de06f-6ec9-4220-937a-01673e6993da,'original_image_url',Failed to create thumbnail
b9a6c7e0-3909-4a92-ae04-87dd71062e69,'original_image_url',Failed to create thumbnail
e69d91d0-3940-4edf-8e0e-6ebdb68b531b,'original_image_url',Failed to create thumbnail
69cd0865-7c70-458d-8b61-e600632cff81,'original_image_url',Failed to create thumbnail
5dc08452-807b-4721-a92d-a33684397ba0,'original_image_url',Failed to create thumbnail
dff36f86-f55f-4da8-9eb8-87ae8d751eae,'original_image_url',Failed to create thumbnail
b50fa012-331c-450b-b9c0-4c154ad00443,'original_image_url',Failed to create thumbnail
f05d9be9-618d-40ef-bc6a-f51a2242da28,'original_image_url',Failed to create thumbnail
e8f29fe8-347e-489e-909b-75b551c53ac9,'original_image_url',Failed to create thumbnail
0fe4f109-6cc4-47a7-a047-36c0b22c28f1,'original_image_url',Failed to create thumbnail
143d0f16-6c2d-4352-bb58-fe9be8a68bcd,'original_image_url',Failed to create thumbnail
266ad4bd-778b-47fa-8d95-eab7b2675e49,'original_image_url',Failed to create thumbnail
0f380f8a-b507-47ca-a7cc-835212afa72b,'original_image_url',Failed to create thumbnail
40b9078b-c3da-42a9-b4aa-8c7de817aca5,'original_image_url',Failed to create thumbnail
d15561c2-a2e9-41c7-9d3f-1a10627056a7,'original_image_url',Failed to create thumbnail
ef21966e-609a-4b32-9ee2-b77a1a61836a,'original_image_url',Failed to create thumbnail
8215fd3e-68d6-4a03-8209-eb783954b4c5,'original_image_url',Failed to create thumbnail
b6862a49-b937-4674-917c-5d6b17c0ac69,'original_image_url',Failed to create thumbnail
15e0c989-bb47-4980-a2ad-3b248803222b,'original_image_url',Failed to create thumbnail
ef56d093-ee3d-4050-86fa-0399a9ec9686,'original_image_url',Failed to create thumbnail
48f4c22a-8867-40fb-8a87-e1d8090483ab,'original_image_url',Failed to create thumbnail
f68bb129-2592-45e0-a5c9-ab0048520a81,'original_image_url',Failed to create thumbnail
373243a3-5277-4643-b0f0-2c382105a7ec,'original_image_url',Failed to create thumbnail
721eec09-79ad-4872-8809-0b3c7edb9821,'original_image_url',Failed to create thumbnail
3cc3d215-1d7b-49dd-b17a-080283bfc1da,'original_image_url',Failed to create thumbnail
2386fc8a-0414-4c9b-a632-d8a751f41135,'original_image_url',Failed to create thumbnail
f8f09924-5cce-4712-b405-2b677e7bbf5b,'original_image_url',Failed to create thumbnail
c27bfa21-f1a5-4e40-af59-a241bae84cfe,'original_image_url',Failed to create thumbnail
e1a26bbd-98dd-432c-a6ab-44fd6c7173e0,'original_image_url',Failed to create thumbnail
b37cb83f-492b-4987-8cd2-3b0e3a6f7db9,'original_image_url',Failed to create thumbnail
a68ce335-c5f5-4779-ba8d-1ca0b64d955e,'original_image_url',Failed to create thumbnail
18b3099d-8b90-4d27-aebf-aa6e4ceefb42,'original_image_url',Failed to create thumbnail
bc650dc6-62a2-4c4a-8b8f-b8e1863cc7fe,'original_image_url',Failed to create thumbnail
dd096e78-548d-4bc6-b7e6-cc3ece6640bb,'original_image_url',Failed to create thumbnail
6b70f2c9-34a3-4208-be38-a0727ad646a1,'original_image_url',Failed to create thumbnail
8519d8cd-9102-409d-9853-e3234c738b5d,'original_image_url',Failed to create thumbnail
64d0d1a2-425a-4f8a-b291-5bb369d083ea,'original_image_url',Failed to create thumbnail
456e4e2a-a396-434b-97c5-b406262e0791,'original_image_url',Failed to create thumbnail
2f170beb-12f0-45d9-9786-f21232817570,'original_image_url',Failed to create thumbnail
f14e9ab5-525c-4639-ac59-793fde820c46,'original_image_url',Failed to create thumbnail
144c202b-a7d9-4360-86c2-b328e19bfbbc,'original_image_url',Failed to create thumbnail
50f51db5-a396-4485-a3f7-495d072e2131,'original_image_url',Failed to create thumbnail
a93b514d-8a11-42bb-91ca-61939f755936,'original_image_url',Failed to create thumbnail
0ad3f6cc-6e5e-460f-ad02-a7aec0715c76,'original_image_url',Failed to create thumbnail
d2c855d0-214a-444c-9012-a01519927e16,'original_image_url',Failed to create thumbnail
f47ac10b-58cc-4372-a567-0e02b2c3d479,'original_image_url',Failed to create thumbnail
7db97bc3-7044-4bf0-9a69-58632bf6d589,'original_image_url',Failed to create thumbnail
550e8400-e29b-41d4-a716-446655440000,'original_image_url',Failed to create thumbnail
7a956216-c87d-48d1-b85d-e6e1eed4110a,'original_image_url',Failed to create thumbnail
21223193-3e9a-4004-bf2d-5bd86cdecaa5,'original_image_url',Failed to create thumbnail
c896f156-ad72-4bae-a061-81b9e11417b7,'original_image_url',Failed to create thumbnail
273d3635-06ba-4576-bbd1-1d301c148cd4,'original_image_url',Failed to create thumbnail
953427b9-c2a8-4f89-855c-5182672e0824,'original_image_url',Failed to create thumbnail
129df2bb-7634-4c80-8dfe-7c97f0e611a9,'original_image_url',Failed to create thumbnail
d82d29d0-863a-4bfc-810b-57c78e342741,'original_image_url',Failed to create thumbnail
f80349d7-153e-4318-a8aa-6ef198ddb288,'original_image_url',Failed to create thumbnail
82d28e12-7f75-49cc-9404-f169ea06ba3f,'original_image_url',Failed to create thumbnail
c3783933-2d74-4776-8d3a-6b3e24d5cd5c,'original_image_url',Failed to create thumbnail
587d3d25-366f-4783-9e4f-659c6c81c6a9,'original_image_url',Failed to create thumbnail
ffdd89a3-c008-499f-b0ad-20b34d0ff0f6,'original_image_url',Failed to create thumbnail
a244141d-b8ce-4fae-9947-f78d18fcd8ef,'original_image_url',Failed to create thumbnail
5f149427-72a2-445f-a907-148a00ccfac5,'original_image_url',Failed to create thumbnail
d5128ab9-551f-4b04-b3e6-3ea14ce3df65,'original_image_url',Failed to create thumbnail
8110d8a3-1f7c-4240-a4f4-84fc82baa7d5,'original_image_url',Failed to create thumbnail
3556f849-0ff5-4e19-84c4-86b74dc624e6,'original_image_url',Failed to create thumbnail
86f0f8a2-c157-473f-b500-940b38bdb947,'original_image_url',Failed to create thumbnail
d747b7fe-214e-441d-8fa4-d0ae06286700,'original_image_url',Failed to create thumbnail
827076e4-a134-4255-8726-8c40afe192cb,'original_image_url',Failed to create thumbnail
79d5226e-9faf-4070-8e8d-85515f62030a,'original_image_url',Failed to create thumbnail
ca25ac28-6bc2-476d-982b-33c8261f9a2f,'original_image_url',Failed to create thumbnail
5bbd9eed-ac5b-41bc-b2a4-cf4394bb4da2,'original_image_url',Failed to create thumbnail
e43b4eb4-743f-4a6b-aa0e-6f907d5bda1e,'original_image_url',Failed to create thumbnail
e39692b7-a940-4f92-8546-095002822b95,'original_image_url',Failed to create thumbnail
a183075e-c728-4e96-9c27-dece243e454e,'original_image_url',Failed to create thumbnail
6fa80ba5-f758-4e94-8986-31ebb931d732,'original_image_url',Failed to create thumbnail
8f0771fd-8886-48e1-b86f-4fc27735659c,'original_image_url',Failed to create thumbnail
4b6ee6ef-c725-495b-bd17-340aad04dc35,'original_image_url',Failed to create thumbnail
f3beb19f-18d1-43bf-8485-9f888d34a294,'original_image_url',Failed to create thumbnail
dc55853d-6c16-4132-a89f-111c62fdf34f,'original_image_url',Failed to create thumbnail
6c8ae56f-dea2-437b-80d6-eb58d1a605bf,'original_image_url',Failed to create thumbnail
77e6c80e-76e4-451f-abaa-5daa6a39c0a4,'original_image_url',Failed to create thumbnail
2ed0abe5-6069-456d-97f8-36876232134b,'original_image_url',Failed to create thumbnail
67435b72-3779-4d4d-a6ec-e1790c11f0c8,'original_image_url',Failed to create thumbnail
a56a8155-5224-4ff3-b754-70cd48b5bb4a,'original_image_url',Failed to create thumbnail
f029b077-fa3d-4013-a2e8-fd1d7eb1661b,'original_image_url',Failed to create thumbnail
7e6925cd-63d5-49fb-82a5-e83a94a3aa47,'original_image_url',Failed to create thumbnail
aa515c1e-dfa6-44ad-878c-f764a71767b1,'original_image_url',Failed to create thumbnail
128ba8f2-5f48-48a5-bf9c-d7ec8039c48b,'original_image_url',Failed to create thumbnail
891c7fff-b8ca-452a-8fd8-b160d6f5f9f2,'original_image_url',Failed to create thumbnail
f8e00070-607f-4c90-a316-c0c6df23cdb2,'original_image_url',Failed to create thumbnail
56404075-908f-4a79-9af3-f5d2a2dd9e33,'original_image_url',Failed to create thumbnail
3fbfcb1f-82bc-4bf7-9329-a7404ce35d94,'original_image_url',Failed to create thumbnail
8c1449b2-b3c4-4079-8560-c0fe4b49f168,'original_image_url',Failed to create thumbnail
3c69f4d4-ba79-4415-9a40-c2b1ebdc2821,'original_image_url',Failed to create thumbnail
cc536280-282d-4c92-9fdf-25e4d7ca5854,'original_image_url',Failed to create thumbnail
37ee1c6f-8f80-422b-90b5-ab8169d42096,'original_image_url',Failed to create thumbnail
2fb9c2cf-6175-4c1d-8c15-acffb407a426,'original_image_url',Failed to create thumbnail
e94105c6-f9bd-481b-8ebd-61e9a59d39ba,'original_image_url',Failed to create thumbnail
951172cd-93b2-4984-b5e1-fc11d5bc4083,'original_image_url',Failed to create thumbnail
44b797ba-cbeb-4d50-98b3-fc01befc3c02,'original_image_url',Failed to create thumbnail
04ec6307-3a63-4be5-9ac8-d29da1c2096b,'original_image_url',Failed to create thumbnail
4841b7fb-a21e-41dc-8569-32849ff633cb,'original_image_url',Failed to create thumbnail
5c7c9248-d9dd-4f56-a038-f3a7d8be71cb,'original_image_url',Failed to create thumbnail
738ea1b1-b0fe-4197-8449-d71b9f46f93a,'original_image_url',Failed to create thumbnail
6bfda7a8-e085-49c0-80d1-7cf49abd35b3,'original_image_url',Failed to create thumbnail
44d9300e-9496-424f-a90b-4678c92b5a76,'original_image_url',Failed to create thumbnail
70d9e96b-0c5e-4c30-98ca-dec0e1bb6098,'original_image_url',Failed to create thumbnail
032c6187-5e5b-4580-91d7-27f756c416af,'original_image_url',Failed to create thumbnail
d86e1025-0f98-4aa9-9b66-405dfc775ee2,'original_image_url',Failed to create thumbnail
66930c29-221c-44b8-a00e-e75fbdb939d9,'original_image_url',Failed to create thumbnail
a371919c-462b-4b52-86d8-6f00fef704d9,'original_image_url',Failed to create thumbnail
38abd986-7512-4a53-a48e-90a1f3923717,'original_image_url',Failed to create thumbnail
a217963f-fb0a-44bd-bbb0-0415d7f812b1,'original_image_url',Failed to create thumbnail
03943839-31bb-4fff-9c9b-adb7c8905d38,'original_image_url',Failed to create thumbnail
1869b8d8-f8b7-4536-b6b2-47940dcce441,'original_image_url',Failed to create thumbnail
b66bc2e7-a148-45ec-8320-80a4f22a6728,'original_image_url',Failed to create thumbnail
da2dd9c6-2f70-42e1-8ff2-567ced4cf537,'original_image_url',Failed to create thumbnail
0e56353a-65fb-457a-b01c-a4b64cfd1c9c,'original_image_url',Failed to create thumbnail
843005fc-a7af-44a4-b0d7-28d4034830cb,'original_image_url',Failed to create thumbnail
bd17fbda-d541-4346-a852-46e8678a4276,'original_image_url',Failed to create thumbnail
3e66b316-dd5d-4c7c-b4b9-9d31763bba8a,'original_image_url',Failed to create thumbnail
711da9c3-1ca8-40c6-9e9c-58de6554aecc,'original_image_url',Failed to create thumbnail
a0cf24c1-ca4f-4492-be90-f6fa868ff6ed,'original_image_url',Failed to create thumbnail
54901ee2-cee3-40a5-adf5-16367d0acf27,'original_image_url',Failed to create thumbnail
e457a53d-9bee-4ea3-b733-68c9a1297b37,'original_image_url',Failed to create thumbnail
bac7845a-7ffd-4c6e-8ee3-ead79a6d0183,'original_image_url',Failed to create thumbnail
e5445efc-24bd-4d5f-8a04-ff4c95207ef5,'original_image_url',Failed to create thumbnail
1c825d8c-ffd3-4de3-ac3a-bd25771973ef,'original_image_url',Failed to create thumbnail
0697e1b9-4836-4461-a186-3e89f7e8328a,'original_image_url',Failed to create thumbnail
1bce6ed4-a5a8-4f0f-ac3d-aba4685d982a,'original_image_url',Failed to create thumbnail
655822d1-f2b1-468b-b1a5-d26e12619b06,'original_image_url',Failed to create thumbnail
8e9b4298-e8c2-42bc-a907-e42bc36c1a7e,'original_image_url',Failed to create thumbnail
a1bb4449-386d-4809-aae4-5a6a543ca780,'original_image_url',Failed to create thumbnail
d3eeb116-d37a-4c42-ab7e-9423ea9aaf1f,'original_image_url',Failed to create thumbnail
1df38125-678d-46c7-8475-5ebd68b2a91e,'original_image_url',Failed to create thumbnail
a62e7fed-d20e-495b-a093-bad8aefb0b1e,'original_image_url',Failed to create thumbnail
c1096629-e37a-4600-bf3c-3fe3665b77f9,'original_image_url',Failed to create thumbnail
ee460378-2f3e-436d-a116-5c5455ca135b,'original_image_url',Failed to create thumbnail
be42acdc-4c0a-4757-8561-d3ce64227b06,'original_image_url',Failed to create thumbnail
eb978152-3913-4509-8d4e-1034473e1b25,'original_image_url',Failed to create thumbnail
afc66c2e-2feb-48d2-bce5-6c6216760111,'original_image_url',Failed to create thumbnail
c44b7eab-b197-460c-86b1-91a57fb6f87d,'original_image_url',Failed to create thumbnail
f0e8057b-6164-4f10-ab60-b19158f06d25,'original_image_url',Failed to create thumbnail
5217a97b-1a1d-417e-b2a4-13c21287b552,'original_image_url',Failed to create thumbnail
600a2ac9-905c-42f7-994c-5ad96963dcb6,'original_image_url',Failed to create thumbnail
40e9b304-6a59-4a9a-9452-0cf80636d935,'original_image_url',Failed to create thumbnail
d8bc1cae-6833-4b4e-a684-193af5d507ec,'original_image_url',Failed to create thumbnail
15ba9ea4-a14c-44da-8e54-a23bd826cd48,'original_image_url',Failed to create thumbnail
212757b1-15a3-44d2-ab59-ff80c4fc2cb1,'original_image_url',Failed to create thumbnail
72121e78-2f34-43f6-b8c9-765e1d2a0c1f,'original_image_url',Failed to create thumbnail
a75e29c0-027d-47d1-abe1-fff639f8356b,'original_image_url',Failed to create thumbnail
15cfc237-9441-46e0-9732-0443916183ee,'original_image_url',Failed to create thumbnail
0105dd53-d6e5-4497-8802-a81f7d2b1c8c,'original_image_url',Failed to create thumbnail
0499623c-5a69-4ad7-bae7-acc06510bd9e,'original_image_url',Failed to create thumbnail
3e6a5fbd-61b6-4efc-938a-96685e2fde72,'original_image_url',Failed to create thumbnail
7233c589-d236-4171-a0ad-dfb1f13aeed8,'original_image_url',Failed to create thumbnail
5b0a676a-4a19-40d1-a15b-ee4bba0476d4,'original_image_url',Failed to create thumbnail
1848dc50-bcb2-4ef8-b3c4-b405fde1832b,'original_image_url',Failed to create thumbnail
06f7cce1-e68c-4953-bf18-76651c2fb15a,'original_image_url',Failed to create thumbnail
283553b0-a24d-475a-b6f2-1b53a406398a,'original_image_url',Failed to create thumbnail
c8b798c0-6471-47a6-a608-8ac7c9eb1a3b,'original_image_url',Failed to create thumbnail
f258c012-4260-4236-8f42-348330dee08b,'original_image_url',Failed to create thumbnail
db0eee18-b97c-402b-a26a-376083525ce9,'original_image_url',Failed to create thumbnail
0a56e71c-0475-46a6-950f-c9d033c670f9,'original_image_url',Failed to create thumbnail
3cbb06b9-3003-43e4-8832-4622aff7d28a,'original_image_url',Failed to create thumbnail
747255de-7efd-472c-83f8-a6cda0414070,'original_image_url',Failed to create thumbnail
540598ef-85e8-495d-93e2-3025f0773332,'original_image_url',Failed to create thumbnail
60c6554f-02d8-4bb5-bddc-643fe5f41294,'original_image_url',Failed to create thumbnail
2af24111-f9e6-4af3-abc2-e6a2cf07969b,'original_image_url',Failed to create thumbnail
9a880551-ad57-433c-98c2-6fdac24c1764,'original_image_url',Failed to create thumbnail
19fb5787-71ee-46e7-8ec0-40e584c8cd79,'original_image_url',Failed to create thumbnail
a265ade0-8fb7-47a2-a7d9-387eb2d04611,'original_image_url',Failed to create thumbnail
2301bd5d-daad-48bd-b16c-213a363b5cde,'original_image_url',Failed to create thumbnail
5f219628-126b-430d-a8f8-bdcd74f0da68,'original_image_url',Failed to create thumbnail
13229c20-567e-4df6-a6e6-911d2569abdc,'original_image_url',Failed to create thumbnail
7bea5021-dd22-4eb9-b7da-4f60f7f181bc,An error occurred (404) when calling the HeadObject operation: Not Found,Failed to create thumbnail
b557c50c-e956-40cb-b748-0d6859a8ded2,An error occurred (404) when calling the HeadObject operation: Not Found,Failed to create thumbnail
d7b445da-d46d-4825-bb91-37876f66daf5,An error occurred (404) when calling the HeadObject operation: Not Found,Failed to create thumbnail
9a0f6dcc-3bf3-44f1-a2db-8d87f935ffbc,An error occurred (404) when calling the HeadObject operation: Not Found,Failed to create thumbnail
bdc3c4c9-12d1-48cf-bfd0-468f44f9ed55,An error occurred (404) when calling the HeadObject operation: Not Found,Failed to create thumbnail
e21cfd4d-d068-44f9-bf88-d829d1abddc3,An error occurred (404) when calling the HeadObject operation: Not Found,Failed to create thumbnail
380c4f44-8f95-4e13-a49f-98ca19a9dbe6,An error occurred (404) when calling the HeadObject operation: Not Found,Failed to create thumbnail
13ccd975-e39b-4386-bbde-633b1b2544d5,An error occurred (404) when calling the HeadObject operation: Not Found,Failed to create thumbnail
d914a69e-a487-474e-b11f-bb3cb6c44dd1,An error occurred (404) when calling the HeadObject operation: Not Found,Failed to create thumbnail
bedccf59-5791-44e8-a8f2-82eff91a76bf,An error occurred (404) when calling the HeadObject operation: Not Found,Failed to create thumbnail
58caea43-8790-48c1-9a6f-c5750d905aa9,An error occurred (404) when calling the HeadObject operation: Not Found,Failed to create thumbnail
34a91476-8f2b-4894-8e5a-95abfaccaf5c,An error occurred (404) when calling the HeadObject operation: Not Found,Failed to create thumbnail
ca8c60a0-c89a-4ea0-93dd-cbcab6510bae,An error occurred (404) when calling the HeadObject operation: Not Found,Failed to create thumbnail
2fa3738f-7718-4cb8-b227-7cb3d86fbf0a,An error occurred (404) when calling the HeadObject operation: Not Found,Failed to create thumbnail
73f93a9e-fbfd-48ff-a2d6-8d0b4d2b2f72,An error occurred (404) when calling the HeadObject operation: Not Found,Failed to create thumbnail
ff164b16-9b02-4570-952b-4aca8b3e3791,An error occurred (404) when calling the HeadObject operation: Not Found,Failed to create thumbnail
850bcb87-1fe9-4d32-8b6f-34bd226c6915,An error occurred (404) when calling the HeadObject operation: Not Found,Failed to create thumbnail
0fb885c8-8061-4744-992d-071c25893b52,An error occurred (404) when calling the HeadObject operation: Not Found,Failed to create thumbnail
b56a504c-bca9-4de3-ad89-96ceca6c21a1,An error occurred (404) when calling the HeadObject operation: Not Found,Failed to create thumbnail
17edab7f-92f8-42f5-afca-2d20767aeda6,An error occurred (404) when calling the HeadObject operation: Not Found,Failed to create thumbnail
3f51ee53-f52f-43da-b621-09ded51da30c,An error occurred (404) when calling the HeadObject operation: Not Found,Failed to create thumbnail
1b6be330-de7a-4711-837c-39b9f6d942e1,An error occurred (404) when calling the HeadObject operation: Not Found,Failed to create thumbnail
90b5123c-3051-4b56-aa70-997416d7713d,An error occurred (404) when calling the HeadObject operation: Not Found,Failed to create thumbnail
a704000a-6381-4b00-aa72-a987de3cff7a,An error occurred (404) when calling the HeadObject operation: Not Found,Failed to create thumbnail
def397e9-46fe-464a-b57e-0a58bbb3ff22,An error occurred (404) when calling the HeadObject operation: Not Found,Failed to create thumbnail
94479866-1382-45c9-bf92-aaec0fc11fd8,An error occurred (404) when calling the HeadObject operation: Not Found,Failed to create thumbnail
cc5cdc55-7e96-4d69-a9b3-c5a606fcd4f6,An error occurred (404) when calling the HeadObject operation: Not Found,Failed to create thumbnail
46b17d43-5d29-4f27-9da3-f1915f8d1c6c,An error occurred (404) when calling the HeadObject operation: Not Found,Failed to create thumbnail
36a47322-3d14-4465-b7f4-4f2a315f8bf6,An error occurred (404) when calling the HeadObject operation: Not Found,Failed to create thumbnail
6d9877dd-1a50-4936-81a2-9935ab0343bd,An error occurred (404) when calling the HeadObject operation: Not Found,Failed to create thumbnail
6ab3d518-0527-4e30-9797-6fa87b6bebea,An error occurred (404) when calling the HeadObject operation: Not Found,Failed to create thumbnail
790d87e4-998d-4cf2-ac1f-e27b30a69d46,An error occurred (404) when calling the HeadObject operation: Not Found,Failed to create thumbnail
87a43c45-e2b8-4e7b-bba4-cfe891f7d008,An error occurred (404) when calling the HeadObject operation: Not Found,Failed to create thumbnail
d9f8c76f-c8ff-4deb-8aa2-66151a10ad56,An error occurred (404) when calling the HeadObject operation: Not Found,Failed to create thumbnail
50bff058-c794-47a0-af1c-7fce32dac66b,An error occurred (404) when calling the HeadObject operation: Not Found,Failed to create thumbnail
4aee4a90-9db2-460d-9275-abc81291b41c,An error occurred (404) when calling the HeadObject operation: Not Found,Failed to create thumbnail
28e663dd-b1c5-4c27-90ea-b4bd1926bc81,An error occurred (404) when calling the HeadObject operation: Not Found,Failed to create thumbnail
06cbe40f-17da-4f12-ad47-ae9b8ed32725,An error occurred (404) when calling the HeadObject operation: Not Found,Failed to create thumbnail
10da08cc-b8a8-4e33-8947-79aba07054c3,An error occurred (404) when calling the HeadObject operation: Not Found,Failed to create thumbnail
0c8efbbd-edc6-4e23-8768-df84596f3494,An error occurred (404) when calling the HeadObject operation: Not Found,Failed to create thumbnail
d3e8ada2-3ca8-4383-9b0a-0395b9cdf3c0,An error occurred (404) when calling the HeadObject operation: Not Found,Failed to create thumbnail
07704f45-d7a8-436d-8a02-371b40105a30,An error occurred (404) when calling the HeadObject operation: Not Found,Failed to create thumbnail
906cf745-adc6-43ce-9f63-697b0b1a86d4,An error occurred (404) when calling the HeadObject operation: Not Found,Failed to create thumbnail
f31b0d67-925c-4006-b897-20228b6f4d92,An error occurred (404) when calling the HeadObject operation: Not Found,Failed to create thumbnail
0779da67-22c6-4d24-b572-5d8a776f8dd2,An error occurred (404) when calling the HeadObject operation: Not Found,Failed to create thumbnail
2e896350-c723-4a5e-b313-d96071ede5ab,An error occurred (404) when calling the HeadObject operation: Not Found,Failed to create thumbnail
286548b8-11f1-4c51-8fd1-295bc645e81d,An error occurred (404) when calling the HeadObject operation: Not Found,Failed to create thumbnail
5c8b6c81-1b4c-4ae4-9b97-0682636758e1,An error occurred (404) when calling the HeadObject operation: Not Found,Failed to create thumbnail
ddb10bb0-06c6-43bf-be03-cc3d04888e90,An error occurred (404) when calling the HeadObject operation: Not Found,Failed to create thumbnail
ea5a8de7-dae7-48ca-a6a1-f4d773d25651,An error occurred (404) when calling the HeadObject operation: Not Found,Failed to create thumbnail
ff3afca6-e7ab-4faa-b557-6bedf3d0f6c4,An error occurred (404) when calling the HeadObject operation: Not Found,Failed to create thumbnail
7546bc38-1a34-4972-92f4-80670850c9f0,An error occurred (404) when calling the HeadObject operation: Not Found,Failed to create thumbnail
dae15c63-d4f3-421f-8451-effa7a9ed03b,An error occurred (404) when calling the HeadObject operation: Not Found,Failed to create thumbnail
24fb0640-695d-4931-a3bf-ee3782d4c96d,An error occurred (404) when calling the HeadObject operation: Not Found,Failed to create thumbnail
d5708381-5048-4c89-adf0-65d99196097a,An error occurred (404) when calling the HeadObject operation: Not Found,Failed to create thumbnail
e5c9f8b4-5974-470d-8ae7-b4d954e3bac0,An error occurred (404) when calling the HeadObject operation: Not Found,Failed to create thumbnail
a03e2975-3ed1-4c11-9103-1ddc42e7620f,An error occurred (404) when calling the HeadObject operation: Not Found,Failed to create thumbnail
35955f67-8180-4e27-9e7e-b5c5cbb1ed41,An error occurred (404) when calling the HeadObject operation: Not Found,Failed to create thumbnail
3d898b63-1dcd-45ff-9749-971035591ab7,An error occurred (404) when calling the HeadObject operation: Not Found,Failed to create thumbnail
53e06b73-11b8-4a38-a79d-324c86becf9c,An error occurred (404) when calling the HeadObject operation: Not Found,Failed to create thumbnail
89d1f111-5270-4492-b973-ba0ab44ceeea,An error occurred (404) when calling the HeadObject operation: Not Found,Failed to create thumbnail
706bef18-4a15-440d-bc17-89d9b860ed0c,An error occurred (404) when calling the HeadObject operation: Not Found,Failed to create thumbnail
9c131d3d-5310-4531-97f4-3abf3fb0ed02,An error occurred (404) when calling the HeadObject operation: Not Found,Failed to create thumbnail
b593615c-abc8-4d03-88c8-ae5d381b83d9,An error occurred (404) when calling the HeadObject operation: Not Found,Failed to create thumbnail
051cde78-4f9c-4a6c-8d91-5da6c4a5f163,An error occurred (404) when calling the HeadObject operation: Not Found,Failed to create thumbnail
ffd2831e-dd8f-4146-a7d4-dcd1f662781c,An error occurred (404) when calling the HeadObject operation: Not Found,Failed to create thumbnail
920ab7c9-529d-428f-879f-1ee551de99ef,An error occurred (404) when calling the HeadObject operation: Not Found,Failed to create thumbnail
080dc158-0b4c-4115-9a89-2389c6bbbbe6,An error occurred (404) when calling the HeadObject operation: Not Found,Failed to create thumbnail
32b19391-ab57-4c35-babc-9a4f05a8e72b,An error occurred (404) when calling the HeadObject operation: Not Found,Failed to create thumbnail
76073076-5016-4721-adfd-be6946e00631,An error occurred (404) when calling the HeadObject operation: Not Found,Failed to create thumbnail
95c0ae41-bdb8-40c9-b7dd-e8c81777e793,An error occurred (404) when calling the HeadObject operation: Not Found,Failed to create thumbnail
30305224-11b0-412b-ab9d-d30b5a7f2ccc,An error occurred (404) when calling the HeadObject operation: Not Found,Failed to create thumbnail
96ae0487-e994-4453-b752-3d4294bc4d36,An error occurred (404) when calling the HeadObject operation: Not Found,Failed to create thumbnail
bcb1d19c-c358-4666-a688-07d61d1e1c20,An error occurred (404) when calling the HeadObject operation: Not Found,Failed to create thumbnail
f7e20c0f-374f-4287-9f90-674e232ced72,An error occurred (404) when calling the HeadObject operation: Not Found,Failed to create thumbnail
2ad41755-84d2-4d65-92a8-b1b037bab3ef,An error occurred (404) when calling the HeadObject operation: Not Found,Failed to create thumbnail
8c6087aa-5af1-45f5-b2c0-df5e77cf2c45,An error occurred (404) when calling the HeadObject operation: Not Found,Failed to create thumbnail
4983f1c3-d205-48cd-8b0b-41765cfec2ed,An error occurred (404) when calling the HeadObject operation: Not Found,Failed to create thumbnail
641a196b-8fd5-4398-8fc6-32c06f5d223e,An error occurred (404) when calling the HeadObject operation: Not Found,Failed to create thumbnail
b5bffe16-4a6e-40f9-8f92-ee8fbd14566b,An error occurred (404) when calling the HeadObject operation: Not Found,Failed to create thumbnail
7057534b-b2c9-4d83-b933-a726d3929013,An error occurred (404) when calling the HeadObject operation: Not Found,Failed to create thumbnail
7357aca0-bcbf-4120-9ec2-756c4a43c864,An error occurred (404) when calling the HeadObject operation: Not Found,Failed to create thumbnail
57f9e5da-e80b-40ae-8f00-66384fb5c4f2,An error occurred (404) when calling the HeadObject operation: Not Found,Failed to create thumbnail
e922540b-4975-44e0-99ab-48b0cbc232a5,An error occurred (404) when calling the HeadObject operation: Not Found,Failed to create thumbnail
5094f134-77b2-4875-be79-db007b244ac1,An error occurred (404) when calling the HeadObject operation: Not Found,Failed to create thumbnail
ef7ca765-58d2-41d2-be83-2033667c451c,An error occurred (404) when calling the HeadObject operation: Not Found,Failed to create thumbnail
d85ee335-550e-4e3f-9241-4a52eb33761e,An error occurred (404) when calling the HeadObject operation: Not Found,Failed to create thumbnail
6b4ce982-59fb-4028-950b-3914ac69e4a9,An error occurred (404) when calling the HeadObject operation: Not Found,Failed to create thumbnail
d9a7391f-e8d3-4b3b-95b0-8485a59de5ad,An error occurred (404) when calling the HeadObject operation: Not Found,Failed to create thumbnail
59a5f26d-3290-4dd6-8308-d38bde821596,An error occurred (404) when calling the HeadObject operation: Not Found,Failed to create thumbnail
a7d21d12-2174-480e-b397-fbd3aca2c884,An error occurred (404) when calling the HeadObject operation: Not Found,Failed to create thumbnail
2de1a078-b5dd-4a3d-ac3a-c41fe692b804,An error occurred (404) when calling the HeadObject operation: Not Found,Failed to create thumbnail
d6ebee9b-c4fe-4b32-8c92-f9acc1029f87,An error occurred (404) when calling the HeadObject operation: Not Found,Failed to create thumbnail
98017155-9b15-467d-ad66-8886036ad07e,An error occurred (404) when calling the HeadObject operation: Not Found,Failed to create thumbnail
69457592-644a-4321-b5fe-9064f723fe53,An error occurred (404) when calling the HeadObject operation: Not Found,Failed to create thumbnail
65a8fb74-4a97-49ec-b037-527e80e0737e,An error occurred (404) when calling the HeadObject operation: Not Found,Failed to create thumbnail
b691c326-4037-4e1a-8993-bd091cb8fec0,An error occurred (404) when calling the HeadObject operation: Not Found,Failed to create thumbnail
4371e7b5-c397-4535-be9e-b81939424829,An error occurred (404) when calling the HeadObject operation: Not Found,Failed to create thumbnail
03ffb392-5253-44ea-a22b-9e36b2302a24,An error occurred (404) when calling the HeadObject operation: Not Found,Failed to create thumbnail
d0fa8d69-c52c-4ad3-bce7-f0611102de4f,An error occurred (404) when calling the HeadObject operation: Not Found,Failed to create thumbnail
1cafcf4d-459b-49e1-91dc-fed57563da75,An error occurred (404) when calling the HeadObject operation: Not Found,Failed to create thumbnail
26bac668-c9b9-493d-b0a0-73e9bcb0b0fd,An error occurred (404) when calling the HeadObject operation: Not Found,Failed to create thumbnail
a8c2499c-251b-4c26-91cd-39f63b64f986,An error occurred (404) when calling the HeadObject operation: Not Found,Failed to create thumbnail
b22d20a0-043a-4003-a37d-06628774ce52,An error occurred (404) when calling the HeadObject operation: Not Found,Failed to create thumbnail
e296ea24-80f1-485d-9a96-2ecf71bed17f,An error occurred (404) when calling the HeadObject operation: Not Found,Failed to create thumbnail
6147910f-4c81-4993-886d-dce014e5d62d,An error occurred (404) when calling the HeadObject operation: Not Found,Failed to create thumbnail
87dadbb5-8a56-4ebd-b10f-a90b2a7d74c1,An error occurred (404) when calling the HeadObject operation: Not Found,Failed to create thumbnail
568ba6cc-52bd-497b-af59-7df35b6dfdd5,An error occurred (404) when calling the HeadObject operation: Not Found,Failed to create thumbnail
7a276c33-f3a5-45da-91f0-bf95690d6dd1,An error occurred (404) when calling the HeadObject operation: Not Found,Failed to create thumbnail
3967e012-4c85-49fb-a64e-ca82c4e3d09c,An error occurred (404) when calling the HeadObject operation: Not Found,Failed to create thumbnail
ad2dfe6f-3a59-4421-ab3d-93ce19901dbe,An error occurred (404) when calling the HeadObject operation: Not Found,Failed to create thumbnail
1d918645-7c08-47b8-8e98-9e3861993608,An error occurred (404) when calling the HeadObject operation: Not Found,Failed to create thumbnail
0105ed93-7c49-4441-9b32-63848f0e831a,An error occurred (404) when calling the HeadObject operation: Not Found,Failed to create thumbnail
63489438-90c4-4735-b35f-7f5cdc8991cd,An error occurred (404) when calling the HeadObject operation: Not Found,Failed to create thumbnail
d781a105-e698-4251-8ff8-6554b9a3d5f7,An error occurred (404) when calling the HeadObject operation: Not Found,Failed to create thumbnail
614a1413-0f9b-4203-b5a1-d62979d3b33f,An error occurred (404) when calling the HeadObject operation: Not Found,Failed to create thumbnail
6f1814a2-9f67-45d6-89e2-236b0d87011f,An error occurred (404) when calling the HeadObject operation: Not Found,Failed to create thumbnail
1a662f20-25b7-4b81-859c-ad7d05a55482,An error occurred (404) when calling the HeadObject operation: Not Found,Failed to create thumbnail
814b5a50-9846-4df8-a272-26a08557ddf2,An error occurred (404) when calling the HeadObject operation: Not Found,Failed to create thumbnail
b15b9700-27b2-4ac5-a932-78492b66aca8,An error occurred (404) when calling the HeadObject operation: Not Found,Failed to create thumbnail
fdce09af-916f-45b8-b88e-cc8226b83b18,An error occurred (404) when calling the HeadObject operation: Not Found,Failed to create thumbnail
05ba04d1-3e2b-41e2-b170-17ca86545887,An error occurred (404) when calling the HeadObject operation: Not Found,Failed to create thumbnail
a4479e99-cb43-4289-aaa7-b66fe7435b98,An error occurred (404) when calling the HeadObject operation: Not Found,Failed to create thumbnail
b52d27e1-c436-4777-810a-959c57aa92e4,An error occurred (404) when calling the HeadObject operation: Not Found,Failed to create thumbnail
178657c9-7b4c-419f-8e09-85f883518b34,An error occurred (404) when calling the HeadObject operation: Not Found,Failed to create thumbnail
53e2aea7-5060-4e4e-95e7-720d34fd2c9a,An error occurred (404) when calling the HeadObject operation: Not Found,Failed to create thumbnail
315587ec-fd5a-450f-8e26-16672eb31c1d,An error occurred (404) when calling the HeadObject operation: Not Found,Failed to create thumbnail
bce41e63-a260-4e6b-a83d-2800bdd98f81,An error occurred (404) when calling the HeadObject operation: Not Found,Failed to create thumbnail
87130f4c-c082-4623-9094-f485583669a4,An error occurred (404) when calling the HeadObject operation: Not Found,Failed to create thumbnail
154638bb-da13-4374-8706-b33a581ead0b,An error occurred (404) when calling the HeadObject operation: Not Found,Failed to create thumbnail
12458ffc-78b7-4bb5-b454-00174734a8c5,An error occurred (404) when calling the HeadObject operation: Not Found,Failed to create thumbnail
11d53d4e-5a97-4d3e-8a3e-bd9afa7607f6,An error occurred (404) when calling the HeadObject operation: Not Found,Failed to create thumbnail
48326837-ecf7-4450-bfeb-b24879f914ec,An error occurred (404) when calling the HeadObject operation: Not Found,Failed to create thumbnail
69009d88-f6eb-4f0c-8d7e-b5d4771b0af9,An error occurred (404) when calling the HeadObject operation: Not Found,Failed to create thumbnail
e458f2a8-89dd-49e1-8ecf-adf8960932f5,An error occurred (404) when calling the HeadObject operation: Not Found,Failed to create thumbnail
22679955-b7e9-4b46-8cbc-63f8cb85d77f,An error occurred (404) when calling the HeadObject operation: Not Found,Failed to create thumbnail
53dd0e79-bbf6-4602-8596-4aa44a0883c6,An error occurred (404) when calling the HeadObject operation: Not Found,Failed to create thumbnail
b9d17e96-35bb-465f-a7d0-53f236df1bf8,An error occurred (404) when calling the HeadObject operation: Not Found,Failed to create thumbnail
7df2a10b-6b47-41cf-816a-10487d2724ff,An error occurred (404) when calling the HeadObject operation: Not Found,Failed to create thumbnail
5dfa7edb-cefb-484f-a3c5-1850d82c0c20,An error occurred (404) when calling the HeadObject operation: Not Found,Failed to create thumbnail
50598d71-a5a4-4f9c-a3ec-e9da45591104,An error occurred (404) when calling the HeadObject operation: Not Found,Failed to create thumbnail
54b54a00-90c3-4dac-930a-1edf83d41279,An error occurred (404) when calling the HeadObject operation: Not Found,Failed to create thumbnail
67d069e4-cd47-4efe-9bb8-05aa78ec0004,An error occurred (404) when calling the HeadObject operation: Not Found,Failed to create thumbnail
87daff64-53de-4412-b8c8-c9b0f18a189b,An error occurred (404) when calling the HeadObject operation: Not Found,Failed to create thumbnail
9b36bcb5-1b2b-48aa-b91e-dc87ac6874fb,An error occurred (404) when calling the HeadObject operation: Not Found,Failed to create thumbnail
0c9f29e1-45d0-43f4-95ae-d9986fd79d6a,An error occurred (404) when calling the HeadObject operation: Not Found,Failed to create thumbnail
d360c879-78e5-4abd-a42c-7e8594909dfb,An error occurred (404) when calling the HeadObject operation: Not Found,Failed to create thumbnail
47b30c3b-8e54-4398-90db-0ab778b2014b,An error occurred (404) when calling the HeadObject operation: Not Found,Failed to create thumbnail
a07859d1-4ae8-4085-b857-3c1c5bd84649,An error occurred (404) when calling the HeadObject operation: Not Found,Failed to create thumbnail
42e18006-d2ef-4a44-a24c-25f2cf5f96af,An error occurred (404) when calling the HeadObject operation: Not Found,Failed to create thumbnail
ca31e497-d3bf-4e7e-958f-411cd0cc4086,An error occurred (404) when calling the HeadObject operation: Not Found,Failed to create thumbnail
7b657272-20cb-4cd8-b4b4-6252ea523134,An error occurred (404) when calling the HeadObject operation: Not Found,Failed to create thumbnail
b6005ced-4f98-40d7-a59e-68694cf81288,An error occurred (404) when calling the HeadObject operation: Not Found,Failed to create thumbnail
e5c2a224-dba9-45e5-a8c4-b898ad54a3f6,An error occurred (404) when calling the HeadObject operation: Not Found,Failed to create thumbnail
922fa59f-7775-4fda-96fa-7d572dba670f,An error occurred (404) when calling the HeadObject operation: Not Found,Failed to create thumbnail
f249e5bd-a1da-433f-903e-16aff3b587fb,An error occurred (404) when calling the HeadObject operation: Not Found,Failed to create thumbnail
2e82dfa3-9650-4a29-8a10-f35b014f2aff,An error occurred (404) when calling the HeadObject operation: Not Found,Failed to create thumbnail
4d4479c8-2da4-4545-9fdf-8141886c5ca2,An error occurred (404) when calling the HeadObject operation: Not Found,Failed to create thumbnail
8478301e-2f77-44e0-9e81-ad5350752993,An error occurred (404) when calling the HeadObject operation: Not Found,Failed to create thumbnail
ebfdb350-7fdb-45b0-9a83-459066d5df88,An error occurred (404) when calling the HeadObject operation: Not Found,Failed to create thumbnail
0553e1db-6478-4083-ae8f-6086502c3bb9,An error occurred (404) when calling the HeadObject operation: Not Found,Failed to create thumbnail
6b958886-c5a6-467c-b2a7-dccf661970b7,An error occurred (404) when calling the HeadObject operation: Not Found,Failed to create thumbnail
4cd66b45-d08d-4b9d-b0dd-95d6e20eb146,An error occurred (404) when calling the HeadObject operation: Not Found,Failed to create thumbnail
2b697a47-7c22-4382-a50c-cc5ec332ce89,An error occurred (404) when calling the HeadObject operation: Not Found,Failed to create thumbnail
fbf1d527-3a79-4542-9a60-aa321a60b55c,An error occurred (404) when calling the HeadObject operation: Not Found,Failed to create thumbnail
dd1a511d-455c-4ca2-8742-8ae4244b5df9,An error occurred (404) when calling the HeadObject operation: Not Found,Failed to create thumbnail
18e65aea-7140-4f05-a2db-617633085d1d,An error occurred (404) when calling the HeadObject operation: Not Found,Failed to create thumbnail
418a85a0-b212-4d7b-9ccd-d493ae3509b7,An error occurred (404) when calling the HeadObject operation: Not Found,Failed to create thumbnail
54a70d12-579b-4803-8ea7-3c4c1dd652bf,An error occurred (404) when calling the HeadObject operation: Not Found,Failed to create thumbnail
488d4cc8-ee15-4497-804d-a92ac6200524,An error occurred (404) when calling the HeadObject operation: Not Found,Failed to create thumbnail
830f9da9-58c9-4fcc-bb47-6bdfec9d6bf6,An error occurred (404) when calling the HeadObject operation: Not Found,Failed to create thumbnail
d28b34b2-b27f-473c-959c-2816447219c2,An error occurred (404) when calling the HeadObject operation: Not Found,Failed to create thumbnail
3c55ec00-291b-490f-898c-021524339bac,An error occurred (404) when calling the HeadObject operation: Not Found,Failed to create thumbnail
f4fb8d67-2ae8-4d8c-9282-0697522d31c2,An error occurred (404) when calling the HeadObject operation: Not Found,Failed to create thumbnail
e67618c7-4d75-4bfa-93ae-2983928bb656,An error occurred (404) when calling the HeadObject operation: Not Found,Failed to create thumbnail
23945903-ba2c-4c1d-aca0-dea7ad5233f1,An error occurred (404) when calling the HeadObject operation: Not Found,Failed to create thumbnail
655bfbd5-38be-4774-88f3-863d79e72e8b,An error occurred (404) when calling the HeadObject operation: Not Found,Failed to create thumbnail
b88d204b-eeba-44d5-91b8-d74f61270238,An error occurred (404) when calling the HeadObject operation: Not Found,Failed to create thumbnail
37a6bab6-797a-4600-be33-eb680cf3c8e5,An error occurred (404) when calling the HeadObject operation: Not Found,Failed to create thumbnail
7c58989a-68fa-4326-a601-f2d075852da3,An error occurred (404) when calling the HeadObject operation: Not Found,Failed to create thumbnail
ffc9fda9-0f8e-424e-b324-486349080a6d,An error occurred (404) when calling the HeadObject operation: Not Found,Failed to create thumbnail
b31863a2-d114-4bd3-9ccf-a6a92613cca7,An error occurred (404) when calling the HeadObject operation: Not Found,Failed to create thumbnail
c79fbeb0-13c4-4c64-b778-cc5bab8ad8f4,An error occurred (404) when calling the HeadObject operation: Not Found,Failed to create thumbnail
501ce1ff-639a-4a5d-a423-9b7fe1ea28e2,An error occurred (404) when calling the HeadObject operation: Not Found,Failed to create thumbnail
69768685-afc2-4c15-a46b-ade331b69333,An error occurred (404) when calling the HeadObject operation: Not Found,Failed to create thumbnail
d3968225-950f-4c3e-b42d-e9302baacb2e,An error occurred (404) when calling the HeadObject operation: Not Found,Failed to create thumbnail
f4fcd03a-3719-4af8-a487-1cdd25160aa5,An error occurred (404) when calling the HeadObject operation: Not Found,Failed to create thumbnail
70a68206-4b45-4211-96b6-38f8102cc54a,An error occurred (404) when calling the HeadObject operation: Not Found,Failed to create thumbnail
d114e848-0b1b-45cf-9580-fc6e324cae95,An error occurred (404) when calling the HeadObject operation: Not Found,Failed to create thumbnail
9dfaf904-9c7e-48c2-b623-2fa19bde2493,An error occurred (404) when calling the HeadObject operation: Not Found,Failed to create thumbnail
78e36f00-057b-4382-bef5-c61b6bac9c58,An error occurred (404) when calling the HeadObject operation: Not Found,Failed to create thumbnail
55aafaa3-a37d-4019-8872-593657bf5b41,An error occurred (404) when calling the HeadObject operation: Not Found,Failed to create thumbnail
cd7c6906-0f42-4bd4-b2c4-12681d46338e,An error occurred (404) when calling the HeadObject operation: Not Found,Failed to create thumbnail
f494ab69-b176-4e5f-9a46-7d456fe8ef60,An error occurred (404) when calling the HeadObject operation: Not Found,Failed to create thumbnail
cc6a7cdb-2081-45c1-a1dc-b9d39be35eb3,An error occurred (404) when calling the HeadObject operation: Not Found,Failed to create thumbnail
7a8ef9cd-5a69-4a62-a39d-34b099dc3372,An error occurred (404) when calling the HeadObject operation: Not Found,Failed to create thumbnail
8cfb9e63-d3b5-4749-97b0-2c07e0db4974,An error occurred (404) when calling the HeadObject operation: Not Found,Failed to create thumbnail
dab659f9-6c19-4699-8382-165b5618d820,An error occurred (404) when calling the HeadObject operation: Not Found,Failed to create thumbnail
7ef37f72-c5d8-41b2-bbca-93f168353e36,An error occurred (404) when calling the HeadObject operation: Not Found,Failed to create thumbnail
fc64a701-559c-4948-a26d-655e582e03e6,An error occurred (404) when calling the HeadObject operation: Not Found,Failed to create thumbnail
c3707d85-14fc-4548-900a-c4ced248cc44,An error occurred (404) when calling the HeadObject operation: Not Found,Failed to create thumbnail
48c4a09b-0cc5-416e-bc73-ce57a4cff411,An error occurred (404) when calling the HeadObject operation: Not Found,Failed to create thumbnail
de9a7858-d812-47ef-a2cc-cfcb40c5116e,An error occurred (404) when calling the HeadObject operation: Not Found,Failed to create thumbnail
2ab96895-21c4-4be8-ad5c-1b089291aedf,An error occurred (404) when calling the HeadObject operation: Not Found,Failed to create thumbnail
81c540f5-10c7-4673-996a-1b2139976c9b,An error occurred (404) when calling the HeadObject operation: Not Found,Failed to create thumbnail
c5b05aeb-6728-430c-acba-8471a6ecb385,An error occurred (404) when calling the HeadObject operation: Not Found,Failed to create thumbnail
19257e05-8e42-49e2-a044-48517fd3608a,An error occurred (404) when calling the HeadObject operation: Not Found,Failed to create thumbnail
33b11e60-b88f-495e-9471-e0f12b848170,An error occurred (404) when calling the HeadObject operation: Not Found,Failed to create thumbnail
022e9894-d6ff-46f4-9ccb-f1220066dbee,An error occurred (404) when calling the HeadObject operation: Not Found,Failed to create thumbnail
eb95963f-2c3f-4ee2-ab76-2c5ac9eb84ac,An error occurred (404) when calling the HeadObject operation: Not Found,Failed to create thumbnail
09e9e7fe-2a3b-4f5b-956f-e8e4bbac1354,An error occurred (404) when calling the HeadObject operation: Not Found,Failed to create thumbnail
40ca916d-23e3-490e-9859-78ddbb904a43,An error occurred (404) when calling the HeadObject operation: Not Found,Failed to create thumbnail
cd6d7579-54c7-40cd-85aa-cc749a1ab724,An error occurred (404) when calling the HeadObject operation: Not Found,Failed to create thumbnail
9956efd2-1266-4b23-94ba-d8b91b412b00,An error occurred (404) when calling the HeadObject operation: Not Found,Failed to create thumbnail
cb017f54-d0f4-4af8-bb83-ecd2a2339ef8,An error occurred (404) when calling the HeadObject operation: Not Found,Failed to create thumbnail
14d9108a-ebc5-4a8b-8805-8d15109e8dcf,An error occurred (404) when calling the HeadObject operation: Not Found,Failed to create thumbnail
91c27bbf-6727-429d-a318-2be35bec16ce,An error occurred (404) when calling the HeadObject operation: Not Found,Failed to create thumbnail
3a8e0f33-31db-4fdd-92ce-a99ae9324363,An error occurred (404) when calling the HeadObject operation: Not Found,Failed to create thumbnail
b8651aa8-d97b-47bf-9f16-454f00f687f7,An error occurred (404) when calling the HeadObject operation: Not Found,Failed to create thumbnail
3d54d577-cb09-4b03-9c5f-6d72bf906eae,An error occurred (404) when calling the HeadObject operation: Not Found,Failed to create thumbnail
be988556-95b9-4065-b394-920b62d43a46,An error occurred (404) when calling the HeadObject operation: Not Found,Failed to create thumbnail
794a56c3-5e3e-4b18-b298-f721cae96a2b,An error occurred (404) when calling the HeadObject operation: Not Found,Failed to create thumbnail
f5a2a79e-1c5a-483b-a0a4-edd1887e1d30,An error occurred (404) when calling the HeadObject operation: Not Found,Failed to create thumbnail
1539a56e-8a96-456f-8bc4-c1be90da21a9,An error occurred (404) when calling the HeadObject operation: Not Found,Failed to create thumbnail
190508d4-36f4-45f4-b751-e12d25f86131,An error occurred (404) when calling the HeadObject operation: Not Found,Failed to create thumbnail
d32a3fc8-f768-4995-b8ad-8644a456a938,An error occurred (404) when calling the HeadObject operation: Not Found,Failed to create thumbnail
e5342e2a-aa38-422d-bedf-1fe5595adadf,An error occurred (404) when calling the HeadObject operation: Not Found,Failed to create thumbnail
3473bd55-2c2e-416a-9b35-2c1e4ef4d56d,An error occurred (404) when calling the HeadObject operation: Not Found,Failed to create thumbnail
da40c9b3-7ce8-4f7a-b8e6-eea09b0303d7,An error occurred (404) when calling the HeadObject operation: Not Found,Failed to create thumbnail
823bfb02-8e2b-49a3-9521-dd26a9fc517d,An error occurred (404) when calling the HeadObject operation: Not Found,Failed to create thumbnail
004985d3-3490-4508-80a8-1c5bb79c97fa,An error occurred (404) when calling the HeadObject operation: Not Found,Failed to create thumbnail
06a0f6c6-77ff-48e9-a2d0-38f011a46e8a,An error occurred (404) when calling the HeadObject operation: Not Found,Failed to create thumbnail
a88d7534-1bca-4e0f-aca7-ec6619e0ee99,An error occurred (404) when calling the HeadObject operation: Not Found,Failed to create thumbnail
ddca674a-c029-4460-b807-e8dc92a13402,An error occurred (404) when calling the HeadObject operation: Not Found,Failed to create thumbnail
666695d4-e543-466e-81fa-71c1f3dd2afb,An error occurred (404) when calling the HeadObject operation: Not Found,Failed to create thumbnail
ef5ed6fb-e510-4d5f-9e33-83d400a9c285,An error occurred (404) when calling the HeadObject operation: Not Found,Failed to create thumbnail
649d0cb0-f17c-44ef-ab23-5e95131df290,An error occurred (404) when calling the HeadObject operation: Not Found,Failed to create thumbnail
b890dca9-1dd6-4646-9a9f-7e4fb71986e3,An error occurred (404) when calling the HeadObject operation: Not Found,Failed to create thumbnail
d4c5ce2f-990b-4b98-a600-8a8255cc5c15,An error occurred (404) when calling the HeadObject operation: Not Found,Failed to create thumbnail
41a7ea9c-d87b-4983-a190-f5e2468eec33,An error occurred (404) when calling the HeadObject operation: Not Found,Failed to create thumbnail
eacbe011-eb0b-4458-a8a8-0b582f71d96b,An error occurred (404) when calling the HeadObject operation: Not Found,Failed to create thumbnail
c8fde11a-4ce4-4208-992c-1db817df9179,An error occurred (404) when calling the HeadObject operation: Not Found,Failed to create thumbnail
129f62ea-10e1-4a7d-809b-05859b72b7db,An error occurred (404) when calling the HeadObject operation: Not Found,Failed to create thumbnail
73cd9374-ff6f-4d91-a9c0-6135950b8ea4,An error occurred (404) when calling the HeadObject operation: Not Found,Failed to create thumbnail
eb70a9d2-6f88-4499-a539-6cf29fe25eba,An error occurred (404) when calling the HeadObject operation: Not Found,Failed to create thumbnail
prod, prod, prod,
a0c6506a-c43b-4521-8933-c9e3132fdaa4,cannot schedule new futures after interpreter shutdown,Failed to create thumbnail
dc946640-d950-47f4-bf1f-ddb102711624,cannot schedule new futures after interpreter shutdown,Failed to create thumbnail
de4761ea-18fe-455e-bfa7-646b1bd29690,cannot schedule new futures after interpreter shutdown,Failed to create thumbnail
a45bc995-2046-4a06-948b-63c437d8d617,cannot schedule new futures after interpreter shutdown,Failed to create thumbnail
ea665d81-5061-4a8e-a113-82c8c1899938,cannot schedule new futures after interpreter shutdown,Failed to create thumbnail
e4357752-4222-4398-8628-ae4318f97395,cannot schedule new futures after interpreter shutdown,Failed to create thumbnail
5319cba1-d490-4953-875e-9a9378f94bb1,cannot schedule new futures after interpreter shutdown,Failed to create thumbnail
f6bafca2-ac17-4c66-9795-ae859e31e092,cannot schedule new futures after interpreter shutdown,Failed to create thumbnail
3cbebedd-53c3-418b-8227-f347d94f54d4,cannot schedule new futures after interpreter shutdown,Failed to create thumbnail
de1880ae-f70c-45dc-a665-118bf177c685,cannot schedule new futures after interpreter shutdown,Failed to create thumbnail
fa67ee50-5b1d-4217-a159-fd2a2c8c0cac,cannot schedule new futures after interpreter shutdown,Failed to create thumbnail
0447a826-763f-4e8d-bd0e-25adbd05f316,cannot schedule new futures after interpreter shutdown,Failed to create thumbnail
eafab101-6265-4b5b-8fe3-a5f548d13729,cannot schedule new futures after interpreter shutdown,Failed to create thumbnail
970cb030-b6ba-4554-93f7-ad0c0eaa4de2,cannot schedule new futures after interpreter shutdown,Failed to create thumbnail
