40ab997c-6c4a-4df8-b1f2-604f6b41d71b,cannot schedule new futures after interpreter shutdown,Failed to create thumbnail
c9eafed1-f65c-4f1a-b497-92e2f33c3bf8,cannot schedule new futures after interpreter shutdown,Failed to create thumbnail
4cd0a897-cf73-46af-961b-d9abd49ec352,cannot schedule new futures after interpreter shutdown,Failed to create thumbnail
ed693399-f07c-4bd7-b44a-a2f18185dbeb,cannot schedule new futures after interpreter shutdown,Failed to create thumbnail
72e491dc-2899-49b8-b771-b6f2aeb9b9c2,cannot schedule new futures after interpreter shutdown,Failed to create thumbnail
b82d57b2-99c5-4eea-972f-07be3f014e24,cannot schedule new futures after interpreter shutdown,Failed to create thumbnail
bd3d1fc9-589d-4694-b4fc-74efccb3d1dd,cannot schedule new futures after interpreter shutdown,Failed to create thumbnail
7cda2f70-2fdc-487b-925b-79433872190c,cannot schedule new futures after interpreter shutdown,Failed to create thumbnail
cd8f7c13-0263-42d5-ad59-f2844a6059dc,cannot schedule new futures after interpreter shutdown,Failed to create thumbnail
ad2c7393-9d82-4c32-ab69-a8c6851c94f0,cannot schedule new futures after interpreter shutdown,Failed to create thumbnail
21f6c89d-c1b7-41f2-af99-696e59ac0378,cannot schedule new futures after interpreter shutdown,Failed to create thumbnail
3301cbc1-2e5e-4f43-8fe6-e19169d4cecf,cannot schedule new futures after interpreter shutdown,Failed to create thumbnail
2580963c-286a-472b-a7fb-d6b0701600a0,cannot schedule new futures after interpreter shutdown,Failed to create thumbnail
efde0d8a-fc30-4fa9-9f0b-74224db64c8a,cannot schedule new futures after interpreter shutdown,Failed to create thumbnail
d75ecb6b-69b3-41bd-96c1-e84d233fafde,An error occurred (404) when calling the HeadObject operation: Not Found,Failed to create thumbnail
df8ac3ac-e6c3-4d8a-9710-decda9ce1524,An error occurred (404) when calling the HeadObject operation: Not Found,Failed to create thumbnail
fd340e44-8f71-47b3-a356-fdc0ff1fea90,An error occurred (404) when calling the HeadObject operation: Not Found,Failed to create thumbnail
26ba6544-b67d-404f-a251-5d5538f0157a,An error occurred (404) when calling the HeadObject operation: Not Found,Failed to create thumbnail
442bae5f-820a-408b-9a70-ebda61031d12,An error occurred (404) when calling the HeadObject operation: Not Found,Failed to create thumbnail
27b7d1b9-6466-4b95-b28b-3f2aeffa0c73,An error occurred (404) when calling the HeadObject operation: Not Found,Failed to create thumbnail
8acc4fef-eab8-4d91-a9a9-9fd87179a7f8,An error occurred (404) when calling the HeadObject operation: Not Found,Failed to create thumbnail
2190d393-c995-42f7-8eaf-cae1909daaa1,An error occurred (404) when calling the HeadObject operation: Not Found,Failed to create thumbnail
704ce2cb-c8e7-4cb4-98be-6f2430a3da92,An error occurred (404) when calling the HeadObject operation: Not Found,Failed to create thumbnail
659fcf7d-52c0-432a-be89-92b0205e7286,An error occurred (404) when calling the HeadObject operation: Not Found,Failed to create thumbnail
84e78348-4ef1-4db6-8e1d-bc852a156bee,An error occurred (404) when calling the HeadObject operation: Not Found,Failed to create thumbnail
d2ba93d8-655b-48b0-91f8-7ae9ca47cdfe,An error occurred (404) when calling the HeadObject operation: Not Found,Failed to create thumbnail
a197d612-1ffc-477d-b7ca-c6f3fb645729,An error occurred (404) when calling the HeadObject operation: Not Found,Failed to create thumbnail
21549620-9fc0-40c5-95a2-4f093e28182c,An error occurred (404) when calling the HeadObject operation: Not Found,Failed to create thumbnail
e56f3533-41ff-4015-abc1-464321698d22,An error occurred (404) when calling the HeadObject operation: Not Found,Failed to create thumbnail
4139dc83-a9f8-4552-be22-3add9504ffd8,An error occurred (404) when calling the HeadObject operation: Not Found,Failed to create thumbnail
c9c0db97-120e-4101-8bd6-8e85394d7a71,An error occurred (404) when calling the HeadObject operation: Not Found,Failed to create thumbnail
177604c8-2df8-41c8-aa08-f5c1c07f993d,An error occurred (404) when calling the HeadObject operation: Not Found,Failed to create thumbnail
87750a5f-450c-40c3-a737-6ae645d17233,An error occurred (404) when calling the HeadObject operation: Not Found,Failed to create thumbnail
0903d554-8883-4963-af41-91d712566118,An error occurred (404) when calling the HeadObject operation: Not Found,Failed to create thumbnail
c6e35eb5-3c9f-4adb-9d55-7aff0cbb0606,An error occurred (404) when calling the HeadObject operation: Not Found,Failed to create thumbnail
78d69f39-311b-4a40-8dd5-a0d153d22457,An error occurred (404) when calling the HeadObject operation: Not Found,Failed to create thumbnail
a10aa3b5-971e-415f-8c81-6951849a7f16,An error occurred (404) when calling the HeadObject operation: Not Found,Failed to create thumbnail
6573f1f3-3ac7-4bb2-a918-dc50a06e628f,An error occurred (404) when calling the HeadObject operation: Not Found,Failed to create thumbnail
1b3b740d-12ce-449d-a75c-a6e5023fe8f7,An error occurred (404) when calling the HeadObject operation: Not Found,Failed to create thumbnail
24f5a6e4-7c2a-4d09-ab80-30e46511da86,An error occurred (404) when calling the HeadObject operation: Not Found,Failed to create thumbnail
833e7033-f4b8-4ecf-b8a7-a868ff56138e,An error occurred (404) when calling the HeadObject operation: Not Found,Failed to create thumbnail
583b5af3-4325-4501-80e0-c42e5647cf43,An error occurred (404) when calling the HeadObject operation: Not Found,Failed to create thumbnail
298de401-0a31-4f50-90f0-75e35a0ad7c8,An error occurred (404) when calling the HeadObject operation: Not Found,Failed to create thumbnail
f741956c-7046-47f2-b9a1-3d9c66618f54,An error occurred (404) when calling the HeadObject operation: Not Found,Failed to create thumbnail
733539b8-c13a-4ca5-948c-4e4c8c9d9f53,An error occurred (404) when calling the HeadObject operation: Not Found,Failed to create thumbnail
ef980248-17ae-4276-bb85-c6fd56d396ee,An error occurred (404) when calling the HeadObject operation: Not Found,Failed to create thumbnail
4d71d7bf-de25-40b4-be51-812c6042c7d8,An error occurred (404) when calling the HeadObject operation: Not Found,Failed to create thumbnail
e6134c83-f672-4655-b60a-16f1bfd77212,An error occurred (404) when calling the HeadObject operation: Not Found,Failed to create thumbnail
83fcabd0-6870-41ea-aa5d-a735a0a8f6ac,An error occurred (404) when calling the HeadObject operation: Not Found,Failed to create thumbnail
503401d8-3497-44ad-b7c4-5edf56a943fb,An error occurred (404) when calling the HeadObject operation: Not Found,Failed to create thumbnail
d22b67bf-aee4-48f0-91e8-82425f3787d8,An error occurred (404) when calling the HeadObject operation: Not Found,Failed to create thumbnail
25f6ef80-4e62-4d61-a1bd-b18b23af2b77,An error occurred (404) when calling the HeadObject operation: Not Found,Failed to create thumbnail
97860f7a-6fec-45ef-ba13-029d0c2f529e,An error occurred (404) when calling the HeadObject operation: Not Found,Failed to create thumbnail
c25276a4-7c23-4f4e-b42a-8f06d875a033,An error occurred (404) when calling the HeadObject operation: Not Found,Failed to create thumbnail
adda0d39-867e-449e-8050-56f7543d086e,An error occurred (404) when calling the HeadObject operation: Not Found,Failed to create thumbnail
99ed1a1d-6106-4bba-9f0f-2e82f0cc7b5c,An error occurred (404) when calling the HeadObject operation: Not Found,Failed to create thumbnail
d0ed5bf4-c77d-4677-ae5f-283ee2df65b4,An error occurred (404) when calling the HeadObject operation: Not Found,Failed to create thumbnail
aabbbad1-a0b8-40dd-87a6-08744fc121c0,An error occurred (404) when calling the HeadObject operation: Not Found,Failed to create thumbnail
01dc03c2-2822-4ded-acd6-9187eeac8f1f,An error occurred (404) when calling the HeadObject operation: Not Found,Failed to create thumbnail
2fc2b498-0c2c-4ddb-a44d-4577dfafd42f,An error occurred (404) when calling the HeadObject operation: Not Found,Failed to create thumbnail
b18f0be4-4d55-43b7-9a22-4b299019c334,An error occurred (404) when calling the HeadObject operation: Not Found,Failed to create thumbnail
0f31191b-1bd4-4687-aeca-5a65de327eb5,An error occurred (404) when calling the HeadObject operation: Not Found,Failed to create thumbnail
43bfbc03-6243-4dba-a170-b847800256e7,An error occurred (404) when calling the HeadObject operation: Not Found,Failed to create thumbnail
f50f3439-171d-4488-93c9-31273be57c56,An error occurred (404) when calling the HeadObject operation: Not Found,Failed to create thumbnail
71251555-b806-4a79-a205-746ad0ab3abb,An error occurred (404) when calling the HeadObject operation: Not Found,Failed to create thumbnail
996526db-48b0-47f7-a14c-5869b80e6a8b,An error occurred (404) when calling the HeadObject operation: Not Found,Failed to create thumbnail
f71edaba-06f2-4e98-8c0a-9349ec982fb9,cannot schedule new futures after interpreter shutdown,Failed to create thumbnail
34fa5f7a-332d-48db-b0af-585d9d6c64dc,cannot schedule new futures after interpreter shutdown,Failed to create thumbnail
70019d9a-49f7-4af0-ad75-4ae5b5ffec0e,cannot schedule new futures after interpreter shutdown,Failed to create thumbnail
8580f09b-4a6f-4e6a-a5ed-cd390e5408f8,cannot schedule new futures after interpreter shutdown,Failed to create thumbnail
753cef5a-0599-4302-aae9-c1ec60eccfb6,cannot schedule new futures after interpreter shutdown,Failed to create thumbnail
874615b6-6163-4678-9e3b-92398c9bf533,cannot schedule new futures after interpreter shutdown,Failed to create thumbnail
af6ceb4d-bd65-4396-aca3-a5e15d49c01d,cannot schedule new futures after interpreter shutdown,Failed to create thumbnail
bde7d386-b101-4e66-ba63-13e3af85f369,cannot schedule new futures after interpreter shutdown,Failed to create thumbnail
386e744b-c208-4bc0-ad9f-4f66ec6cce3e,cannot schedule new futures after interpreter shutdown,Failed to create thumbnail
6549d9b1-4b37-45f8-82b5-5ff3626390fc,cannot schedule new futures after interpreter shutdown,Failed to create thumbnail
0d33f838-d9d4-4407-9eb2-1f9903615d17,cannot schedule new futures after interpreter shutdown,Failed to create thumbnail
7b85b518-3cef-4e47-9c2c-c8b4b9e87962,An error occurred (404) when calling the HeadObject operation: Not Found,Failed to create thumbnail
d817c23c-6cc5-48e6-a22b-ae6954fcdad0,An error occurred (404) when calling the HeadObject operation: Not Found,Failed to create thumbnail
93ea44a8-a22b-4f29-8104-83df1dd3f9e7,An error occurred (404) when calling the HeadObject operation: Not Found,Failed to create thumbnail
60c21505-c6f8-4b62-b0d0-d526755c0a1d,An error occurred (404) when calling the HeadObject operation: Not Found,Failed to create thumbnail
eb059d86-8efc-4509-8d92-61cb223e748a,An error occurred (404) when calling the HeadObject operation: Not Found,Failed to create thumbnail
7ac4b0ad-a4fd-4150-b7d8-79d355865ee5,An error occurred (404) when calling the HeadObject operation: Not Found,Failed to create thumbnail
9e31dfe5-6b91-475e-ad0c-01390a129e23,An error occurred (404) when calling the HeadObject operation: Not Found,Failed to create thumbnail
e6e18c6d-ef2c-4e46-8c5f-225844aae136,An error occurred (404) when calling the HeadObject operation: Not Found,Failed to create thumbnail
519a30f8-71d5-42e8-bcac-e20b1191c7bc,An error occurred (404) when calling the HeadObject operation: Not Found,Failed to create thumbnail
c8b0b56d-a2b5-4b2e-9e81-638e1605f82e,An error occurred (404) when calling the HeadObject operation: Not Found,Failed to create thumbnail
c29d9a13-b484-4014-8c44-f17e106efb9f,An error occurred (404) when calling the HeadObject operation: Not Found,Failed to create thumbnail
ecf6310c-a0ad-40d9-b545-0cccf807b6e9,An error occurred (404) when calling the HeadObject operation: Not Found,Failed to create thumbnail
3044f4b4-72b0-45e6-9a55-24989c748599,An error occurred (404) when calling the HeadObject operation: Not Found,Failed to create thumbnail
9e398a33-4e8f-4fa7-8275-5a57634e1086,An error occurred (404) when calling the HeadObject operation: Not Found,Failed to create thumbnail
59e35dc3-73b4-4ccf-bfec-16cf5a8c21ea,An error occurred (404) when calling the HeadObject operation: Not Found,Failed to create thumbnail
ccdbf0e4-bdfa-43e6-957d-ac06d092b2f3,An error occurred (404) when calling the HeadObject operation: Not Found,Failed to create thumbnail
6af681a3-1273-46f9-984f-68784da216ec,An error occurred (404) when calling the HeadObject operation: Not Found,Failed to create thumbnail
aaf480e2-1033-4fb9-80c5-456ff51c4f78,An error occurred (404) when calling the HeadObject operation: Not Found,Failed to create thumbnail
fc70eaf4-f160-4bd8-84f9-36d905e86038,An error occurred (404) when calling the HeadObject operation: Not Found,Failed to create thumbnail
3d14a10d-188b-452b-93a8-9a3626a75f4f,An error occurred (404) when calling the HeadObject operation: Not Found,Failed to create thumbnail
0e235574-b89a-4a15-87f2-e2df10523ed1,An error occurred (404) when calling the HeadObject operation: Not Found,Failed to create thumbnail
bfa1f856-27b6-455d-ab62-d412e14746a5,An error occurred (404) when calling the HeadObject operation: Not Found,Failed to create thumbnail
9705f4ff-d697-48a8-97c3-52c02a76ab97,An error occurred (404) when calling the HeadObject operation: Not Found,Failed to create thumbnail
1c32b6f5-12e2-40b0-b142-c7e694f4bb5e,An error occurred (404) when calling the HeadObject operation: Not Found,Failed to create thumbnail
2320a449-c4d6-45c8-9cd6-555931c036ef,An error occurred (404) when calling the HeadObject operation: Not Found,Failed to create thumbnail
9f8645a0-ad77-417c-a55b-cd70b986db51,An error occurred (404) when calling the HeadObject operation: Not Found,Failed to create thumbnail
32671d71-b033-4866-a2df-0e70a4145cdc,An error occurred (404) when calling the HeadObject operation: Not Found,Failed to create thumbnail
9457fc7b-5d05-4aed-9f8e-1168adb66620,An error occurred (404) when calling the HeadObject operation: Not Found,Failed to create thumbnail
7b27dda7-7020-4509-b747-ea455e5ba2c4,An error occurred (404) when calling the HeadObject operation: Not Found,Failed to create thumbnail
e4a180ac-9835-48f7-8522-171cb5bac306,An error occurred (404) when calling the HeadObject operation: Not Found,Failed to create thumbnail
d40cae64-ced1-40cd-8744-88bdefbaf8c7,An error occurred (404) when calling the HeadObject operation: Not Found,Failed to create thumbnail
95c68da9-b460-48ad-9dc1-163a943114a6,An error occurred (404) when calling the HeadObject operation: Not Found,Failed to create thumbnail
68accd54-020f-4e7c-868a-0419b54e4a58,An error occurred (404) when calling the HeadObject operation: Not Found,Failed to create thumbnail
7faeab33-3302-4a17-91c2-f039c79f0229,An error occurred (404) when calling the HeadObject operation: Not Found,Failed to create thumbnail
f342a142-a259-48a6-8a05-5ae36fa5ca5f,An error occurred (404) when calling the HeadObject operation: Not Found,Failed to create thumbnail
6ef9b3fb-11c6-4b15-b5ab-0a816d5f2b74,An error occurred (404) when calling the HeadObject operation: Not Found,Failed to create thumbnail
b32f3ae9-7a85-4df0-8816-b416780f3310,An error occurred (404) when calling the HeadObject operation: Not Found,Failed to create thumbnail
d8864941-dad6-4cff-96dc-51b371c5c182,An error occurred (404) when calling the HeadObject operation: Not Found,Failed to create thumbnail
9ccd1da0-6a2a-4b00-8435-275021fc45d6,An error occurred (404) when calling the HeadObject operation: Not Found,Failed to create thumbnail
769a5880-ec42-45aa-8dae-21a97e2821ed,An error occurred (404) when calling the HeadObject operation: Not Found,Failed to create thumbnail
df74054d-d969-4608-b150-4142f438e8c2,An error occurred (404) when calling the HeadObject operation: Not Found,Failed to create thumbnail
b982aee5-7794-48e0-a367-d8c46a696d1a,An error occurred (404) when calling the HeadObject operation: Not Found,Failed to create thumbnail
010f169b-21c8-4423-85e9-b1c02dddadcc,An error occurred (404) when calling the HeadObject operation: Not Found,Failed to create thumbnail
4077db0f-ce16-408e-a5af-124a8e91704f,An error occurred (404) when calling the HeadObject operation: Not Found,Failed to create thumbnail
e7490ec4-d8cf-4e2c-94ef-7bac5096e70a,An error occurred (404) when calling the HeadObject operation: Not Found,Failed to create thumbnail
8074b6f9-3bba-4ae0-9488-3f6b337f1307,An error occurred (404) when calling the HeadObject operation: Not Found,Failed to create thumbnail
4a30f47c-607e-451b-9960-51906320be80,An error occurred (404) when calling the HeadObject operation: Not Found,Failed to create thumbnail
6c52251f-555b-444c-9d58-59d54a4f5e65,An error occurred (404) when calling the HeadObject operation: Not Found,Failed to create thumbnail
e3e334ec-6bad-40d5-849a-cab3d40aca32,An error occurred (404) when calling the HeadObject operation: Not Found,Failed to create thumbnail
e7d725ca-bb65-4515-aa70-c2f70867179c,An error occurred (404) when calling the HeadObject operation: Not Found,Failed to create thumbnail
57d464fe-33ab-4542-b773-9734880904fc,An error occurred (404) when calling the HeadObject operation: Not Found,Failed to create thumbnail
e4f6d260-0f08-4bd5-889c-7814a78c5cd1,An error occurred (404) when calling the HeadObject operation: Not Found,Failed to create thumbnail
53a3ec64-ec9e-4a2c-b0fb-8a40bc188c11,An error occurred (404) when calling the HeadObject operation: Not Found,Failed to create thumbnail
6fe0a959-40dc-48fa-9bcd-25c8889485a2,An error occurred (404) when calling the HeadObject operation: Not Found,Failed to create thumbnail
6719b36e-fdd2-4b63-a23a-e5ce4b0ae12f,An error occurred (404) when calling the HeadObject operation: Not Found,Failed to create thumbnail
a0db3c8f-5374-4367-b3d7-60b16819c55c,An error occurred (404) when calling the HeadObject operation: Not Found,Failed to create thumbnail
716ea654-193f-430b-8457-ea8cf808eced,An error occurred (404) when calling the HeadObject operation: Not Found,Failed to create thumbnail
7feab1c1-50e1-4d66-9d3f-aacb365673ad,An error occurred (404) when calling the HeadObject operation: Not Found,Failed to create thumbnail
97ae323f-f56a-4244-b63d-15fa5325c410,An error occurred (404) when calling the HeadObject operation: Not Found,Failed to create thumbnail
1d9fa5a3-f745-40d7-91a7-ff86b21e5a7e,An error occurred (404) when calling the HeadObject operation: Not Found,Failed to create thumbnail
a6b2de22-5d72-4a52-9790-e279b5ae0142,An error occurred (404) when calling the HeadObject operation: Not Found,Failed to create thumbnail
79ce2212-55ca-4059-a27a-e48689abc169,An error occurred (404) when calling the HeadObject operation: Not Found,Failed to create thumbnail
23df0271-24e2-458a-928b-cd280784b3f2,An error occurred (404) when calling the HeadObject operation: Not Found,Failed to create thumbnail
fc669e32-b06b-43c8-95de-563d4b274e5e,An error occurred (404) when calling the HeadObject operation: Not Found,Failed to create thumbnail
f57ddc19-62ab-4898-8a77-5b9474235f5a,An error occurred (404) when calling the HeadObject operation: Not Found,Failed to create thumbnail
e5c2f2bc-2656-4432-9255-b46f57c1b73a,An error occurred (404) when calling the HeadObject operation: Not Found,Failed to create thumbnail
c3f28e1f-f0d5-42ec-955a-d7bf2fe1edd8,An error occurred (404) when calling the HeadObject operation: Not Found,Failed to create thumbnail
78179a53-6c6c-4ef1-9ed4-a1ca748f0158,An error occurred (404) when calling the HeadObject operation: Not Found,Failed to create thumbnail
1567dd96-fea1-43b0-a33f-cc8dc6b63e3f,An error occurred (404) when calling the HeadObject operation: Not Found,Failed to create thumbnail
38d4926b-d4f4-442b-b212-d6811e8005bd,An error occurred (404) when calling the HeadObject operation: Not Found,Failed to create thumbnail
c36bc6d0-90d4-4c49-a4a4-80d73fca2028,An error occurred (404) when calling the HeadObject operation: Not Found,Failed to create thumbnail
139b4e8f-860e-45c0-ade1-a2db87f16a7e,An error occurred (404) when calling the HeadObject operation: Not Found,Failed to create thumbnail
46346b4b-6c02-4cac-8b64-0989a8fd0164,An error occurred (404) when calling the HeadObject operation: Not Found,Failed to create thumbnail
b0c9807a-6f11-4d7b-bbd3-887e68aafa0b,An error occurred (404) when calling the HeadObject operation: Not Found,Failed to create thumbnail
46d9dd67-ff10-4134-896d-b704304b305b,An error occurred (404) when calling the HeadObject operation: Not Found,Failed to create thumbnail
31dad21f-ab4b-43e9-b24d-e8f2ee5196d3,An error occurred (404) when calling the HeadObject operation: Not Found,Failed to create thumbnail
8302f5e7-a40f-4c22-b4a8-538beef36058,An error occurred (404) when calling the HeadObject operation: Not Found,Failed to create thumbnail
2ad520a3-7d13-44f0-a339-fde4895dcf9a,An error occurred (404) when calling the HeadObject operation: Not Found,Failed to create thumbnail
4b1cfae9-f345-4342-9927-01d2477f63b5,An error occurred (404) when calling the HeadObject operation: Not Found,Failed to create thumbnail
0a1ccb67-e058-43fe-ab74-ed835b82a397,An error occurred (404) when calling the HeadObject operation: Not Found,Failed to create thumbnail
5323833d-7302-490c-8f00-f886861eb2a2,An error occurred (404) when calling the HeadObject operation: Not Found,Failed to create thumbnail
ae8f50fe-2e0d-45dc-87d0-a82380f4e907,An error occurred (404) when calling the HeadObject operation: Not Found,Failed to create thumbnail
27926d0d-f265-491c-8711-46a7b30ca6c5,An error occurred (404) when calling the HeadObject operation: Not Found,Failed to create thumbnail
c3ba3b9f-2a60-486e-97b8-f43a19e7edd7,An error occurred (404) when calling the HeadObject operation: Not Found,Failed to create thumbnail
92da3324-0557-4fbd-8ec1-b6909899b16b,An error occurred (404) when calling the HeadObject operation: Not Found,Failed to create thumbnail
3e7519dc-8fa1-482c-a563-5b7e66816824,An error occurred (404) when calling the HeadObject operation: Not Found,Failed to create thumbnail
1ed9ffa7-732d-4c2c-b90d-623cd80e7b65,An error occurred (404) when calling the HeadObject operation: Not Found,Failed to create thumbnail
cf89aae3-b825-49de-9689-c04ee063aa96,An error occurred (404) when calling the HeadObject operation: Not Found,Failed to create thumbnail
d257c19f-cd3e-4736-9a44-2a0b027bf324,An error occurred (404) when calling the HeadObject operation: Not Found,Failed to create thumbnail
647d3bd0-0997-414f-baa8-1e1089f4c5a0,An error occurred (404) when calling the HeadObject operation: Not Found,Failed to create thumbnail
3aabd9c2-e4de-4a16-94fc-200f795205c8,An error occurred (404) when calling the HeadObject operation: Not Found,Failed to create thumbnail
f97c2d3b-07b5-44f4-a5d6-52443bd52e36,An error occurred (404) when calling the HeadObject operation: Not Found,Failed to create thumbnail
9b7947d0-1d18-4a14-bfeb-05298bf90dea,An error occurred (404) when calling the HeadObject operation: Not Found,Failed to create thumbnail
f3ae3e31-5084-48ab-a3ca-66f83a942b38,An error occurred (404) when calling the HeadObject operation: Not Found,Failed to create thumbnail
cf0527e7-ffe6-4fc0-99e4-84a6d41ef327,An error occurred (404) when calling the HeadObject operation: Not Found,Failed to create thumbnail
eef3a96f-4319-4f00-adb7-94d9edfc46fd,An error occurred (404) when calling the HeadObject operation: Not Found,Failed to create thumbnail
a0770ea1-9d4c-4d92-ad85-6526969971bf,An error occurred (404) when calling the HeadObject operation: Not Found,Failed to create thumbnail
9e94a2ca-d2ce-45dd-96b8-95b8af6cbaa9,An error occurred (404) when calling the HeadObject operation: Not Found,Failed to create thumbnail
d3e71eaa-d14a-4576-acbb-dc3a0122ee1b,An error occurred (404) when calling the HeadObject operation: Not Found,Failed to create thumbnail
3a6df154-93f6-4753-99ee-08362c77f829,An error occurred (404) when calling the HeadObject operation: Not Found,Failed to create thumbnail
6eb243f8-2146-4695-ba15-2581c5d395ba,An error occurred (404) when calling the HeadObject operation: Not Found,Failed to create thumbnail
ac1de0fb-62a3-4c08-b42c-23e03ad2619f,An error occurred (404) when calling the HeadObject operation: Not Found,Failed to create thumbnail
e01a5084-bd36-46fc-9763-18a29e571c9c,An error occurred (404) when calling the HeadObject operation: Not Found,Failed to create thumbnail
370e5dc4-4b1a-44d2-bcc1-a565936a557c,An error occurred (404) when calling the HeadObject operation: Not Found,Failed to create thumbnail
85638c67-5cc4-44c2-a0ca-4786362739ba,An error occurred (404) when calling the HeadObject operation: Not Found,Failed to create thumbnail
e07f0b7e-0e53-4d7b-b067-f3aabac4b892,An error occurred (404) when calling the HeadObject operation: Not Found,Failed to create thumbnail
38bca55b-9c2c-48eb-9250-5acfb981dd5c,An error occurred (404) when calling the HeadObject operation: Not Found,Failed to create thumbnail
556978dd-fee1-4d11-a1e1-e8efc97a844d,An error occurred (404) when calling the HeadObject operation: Not Found,Failed to create thumbnail
e28a1624-9169-463d-9bca-2349dcda62c2,An error occurred (404) when calling the HeadObject operation: Not Found,Failed to create thumbnail
7b461bf2-d562-45ec-9f4c-67259d340bd0,An error occurred (404) when calling the HeadObject operation: Not Found,Failed to create thumbnail
9b4943f4-fa2c-463d-ba95-cfe2c6d0ba40,An error occurred (404) when calling the HeadObject operation: Not Found,Failed to create thumbnail
3df2b4f3-80d1-4e04-b4c1-441b5655b6d6,An error occurred (404) when calling the HeadObject operation: Not Found,Failed to create thumbnail
9df62068-b6dd-4573-96ea-c57755229b00,An error occurred (404) when calling the HeadObject operation: Not Found,Failed to create thumbnail
d0625a45-9d35-47cd-8c57-4fbbb49a85d4,An error occurred (404) when calling the HeadObject operation: Not Found,Failed to create thumbnail
da692e21-2d41-4e66-a3ca-d547cf7f4c03,An error occurred (404) when calling the HeadObject operation: Not Found,Failed to create thumbnail
0cce3fc4-af9e-4f74-9404-31c9baabe809,An error occurred (404) when calling the HeadObject operation: Not Found,Failed to create thumbnail
82b844e4-e0f6-4242-b2fc-cae3372c1731,An error occurred (404) when calling the HeadObject operation: Not Found,Failed to create thumbnail
f763aae2-051b-4387-b782-3f8f1387d91c,An error occurred (404) when calling the HeadObject operation: Not Found,Failed to create thumbnail
a60ee354-9c70-4038-b567-b2357fe5204d,An error occurred (404) when calling the HeadObject operation: Not Found,Failed to create thumbnail
c7379fbf-e99a-478d-af69-830f66675d45,An error occurred (404) when calling the HeadObject operation: Not Found,Failed to create thumbnail
0f3bac76-7ca0-4ce6-b1ec-7bad8e8a7f29,An error occurred (404) when calling the HeadObject operation: Not Found,Failed to create thumbnail
87c85b84-5894-4a14-b8d4-06b39d01d7c1,An error occurred (404) when calling the HeadObject operation: Not Found,Failed to create thumbnail
f081a28a-47fa-4c4f-813e-bc4f727d6480,An error occurred (404) when calling the HeadObject operation: Not Found,Failed to create thumbnail
0f84ee1f-410b-4bc6-a7ed-9f93f35c47ce,An error occurred (404) when calling the HeadObject operation: Not Found,Failed to create thumbnail
b19c4ff4-3100-4447-924a-51f612bd85c2,An error occurred (404) when calling the HeadObject operation: Not Found,Failed to create thumbnail
cd361f33-5f61-4d99-94d8-d205bf7557f7,An error occurred (404) when calling the HeadObject operation: Not Found,Failed to create thumbnail
850538e8-b2ef-45ce-b1cf-56af936f5ce3,An error occurred (404) when calling the HeadObject operation: Not Found,Failed to create thumbnail
f80b06ac-d5c8-4af3-90d0-a21283b47246,An error occurred (404) when calling the HeadObject operation: Not Found,Failed to create thumbnail
0788581f-fcb4-4924-9652-513f98c2f617,An error occurred (404) when calling the HeadObject operation: Not Found,Failed to create thumbnail
4adbd220-92db-4c6c-abf1-b322ff48979d,An error occurred (404) when calling the HeadObject operation: Not Found,Failed to create thumbnail
d8b6893b-6032-4154-a867-3f24fe71f74b,An error occurred (404) when calling the HeadObject operation: Not Found,Failed to create thumbnail
cda28b22-03d2-435f-aad0-a2eb5e4d822f,An error occurred (404) when calling the HeadObject operation: Not Found,Failed to create thumbnail
6d88757e-e6a4-47d6-b23d-8db9af44f197,An error occurred (404) when calling the HeadObject operation: Not Found,Failed to create thumbnail
81b3d9f6-e94f-4a72-ba1e-a636ec11becc,An error occurred (404) when calling the HeadObject operation: Not Found,Failed to create thumbnail
f8757a1f-4292-41dd-875f-544489af91b8,An error occurred (404) when calling the HeadObject operation: Not Found,Failed to create thumbnail
d1fad839-5020-4011-8ebe-b0fd5fbf3cca,An error occurred (404) when calling the HeadObject operation: Not Found,Failed to create thumbnail
958ecd05-ea36-4c18-8dac-a3aa10163f45,An error occurred (404) when calling the HeadObject operation: Not Found,Failed to create thumbnail
719736ca-b3b9-4b1d-97ce-f8e8aad6cf86,An error occurred (404) when calling the HeadObject operation: Not Found,Failed to create thumbnail
a56efc72-55ee-49b7-b9f4-331e672a01d9,An error occurred (404) when calling the HeadObject operation: Not Found,Failed to create thumbnail
7a7f7a3d-4795-497e-b699-1fb69e548765,An error occurred (404) when calling the HeadObject operation: Not Found,Failed to create thumbnail
7702812b-7235-47ee-95a8-118698005a96,An error occurred (404) when calling the HeadObject operation: Not Found,Failed to create thumbnail
dff53248-19e4-400c-b32f-fd36d33bbe85,An error occurred (404) when calling the HeadObject operation: Not Found,Failed to create thumbnail
903d182d-62a2-4c63-8532-8303526781c7,An error occurred (404) when calling the HeadObject operation: Not Found,Failed to create thumbnail
7a91d469-0995-466b-a749-4b93555bd8f7,An error occurred (404) when calling the HeadObject operation: Not Found,Failed to create thumbnail
0829f827-15cf-41d6-907a-0eb33daa1ea5,An error occurred (404) when calling the HeadObject operation: Not Found,Failed to create thumbnail
22b8d125-75be-4fa1-9cf2-40910a54a291,An error occurred (404) when calling the HeadObject operation: Not Found,Failed to create thumbnail
bd44920d-0e3d-4d76-b2e9-d181c840cbdc,An error occurred (404) when calling the HeadObject operation: Not Found,Failed to create thumbnail
04a014c6-d203-4bf9-8945-23961ce1008d,An error occurred (404) when calling the HeadObject operation: Not Found,Failed to create thumbnail
71527386-b37b-45b1-ab00-5f0b93619402,An error occurred (404) when calling the HeadObject operation: Not Found,Failed to create thumbnail
26355415-0a63-490a-82ed-f487f112e13f,An error occurred (404) when calling the HeadObject operation: Not Found,Failed to create thumbnail
6b5c42c0-fa06-4cf7-bf42-32c04ff055cd,An error occurred (404) when calling the HeadObject operation: Not Found,Failed to create thumbnail
89085142-e76b-4471-bd7d-fb5fcb6715db,An error occurred (404) when calling the HeadObject operation: Not Found,Failed to create thumbnail
f5689e85-f8b7-49f5-a643-fa5c82eaa342,An error occurred (404) when calling the HeadObject operation: Not Found,Failed to create thumbnail
645ccca5-678b-49ce-83f1-d1fed5681c15,An error occurred (404) when calling the HeadObject operation: Not Found,Failed to create thumbnail
4528bdd1-9ae9-491a-aaf0-41bae64733f4,An error occurred (404) when calling the HeadObject operation: Not Found,Failed to create thumbnail
5309b833-cb23-4f9f-9b8f-a974515e4c34,An error occurred (404) when calling the HeadObject operation: Not Found,Failed to create thumbnail
d3aa1dcc-28fa-4b63-b257-19a00475bb5d,An error occurred (404) when calling the HeadObject operation: Not Found,Failed to create thumbnail
8ef64611-ae50-4715-8754-54042721dc35,An error occurred (404) when calling the HeadObject operation: Not Found,Failed to create thumbnail
79245ee9-967b-4d6b-a13c-66b7ed212696,An error occurred (404) when calling the HeadObject operation: Not Found,Failed to create thumbnail
5faf216e-ae6e-4213-846c-63c6c904bd0a,An error occurred (404) when calling the HeadObject operation: Not Found,Failed to create thumbnail
9809bc97-bdc0-4b1b-9a81-7c8cabd3a01e,An error occurred (404) when calling the HeadObject operation: Not Found,Failed to create thumbnail
6b7ca80e-eab1-47db-af8a-f6b7f53625b7,An error occurred (404) when calling the HeadObject operation: Not Found,Failed to create thumbnail
c763f984-f4f2-4ece-a28e-746dc4fa5da5,An error occurred (404) when calling the HeadObject operation: Not Found,Failed to create thumbnail
15413eaa-2b48-4477-9a27-c4b410bcc71a,An error occurred (404) when calling the HeadObject operation: Not Found,Failed to create thumbnail
3f7d8015-148a-4b67-85b1-7346c9edb7ed,An error occurred (404) when calling the HeadObject operation: Not Found,Failed to create thumbnail
5ef372bb-8d15-4b76-bb17-483511cb9cff,An error occurred (404) when calling the HeadObject operation: Not Found,Failed to create thumbnail
be903495-d135-48d1-b696-95e2ddaf1d84,An error occurred (404) when calling the HeadObject operation: Not Found,Failed to create thumbnail
f854ab70-7465-40a9-8a62-41ba402c6b63,An error occurred (404) when calling the HeadObject operation: Not Found,Failed to create thumbnail
441d8e63-e89f-4235-a7a7-272fabf37024,An error occurred (404) when calling the HeadObject operation: Not Found,Failed to create thumbnail
e0bdb01c-d73b-48ea-bdaa-eaf50819766b,An error occurred (404) when calling the HeadObject operation: Not Found,Failed to create thumbnail
022e7d8b-955e-46ed-8780-77428b7eb3d2,An error occurred (404) when calling the HeadObject operation: Not Found,Failed to create thumbnail
574ca7c0-9d11-4ae1-a256-317af2167ea5,An error occurred (404) when calling the HeadObject operation: Not Found,Failed to create thumbnail
57e97ae0-9b4c-4794-a15c-95581c19baaa,An error occurred (404) when calling the HeadObject operation: Not Found,Failed to create thumbnail
6d7068e8-5b83-4e6d-9467-9b85f7a57ac4,An error occurred (404) when calling the HeadObject operation: Not Found,Failed to create thumbnail
106f4a87-3874-403c-abd5-a4b9829f94dd,An error occurred (404) when calling the HeadObject operation: Not Found,Failed to create thumbnail
a2ee3d65-adc3-4e31-9f25-489fab9aa0db,An error occurred (404) when calling the HeadObject operation: Not Found,Failed to create thumbnail
14807fa3-434a-47cc-9396-e33d9338a8a8,An error occurred (404) when calling the HeadObject operation: Not Found,Failed to create thumbnail
7a8762b9-f70d-4aa5-838b-3c7b187c1c63,An error occurred (404) when calling the HeadObject operation: Not Found,Failed to create thumbnail
4a25b0d5-67be-4ad6-92f0-ebcbbcd2cc04,An error occurred (404) when calling the HeadObject operation: Not Found,Failed to create thumbnail
c6eda972-47b5-4616-859e-45ebd903556b,An error occurred (404) when calling the HeadObject operation: Not Found,Failed to create thumbnail
d10d4161-3329-4794-9738-b994f33af4ba,An error occurred (404) when calling the HeadObject operation: Not Found,Failed to create thumbnail
f9f658c8-0f41-490b-bbe3-9fd4c4e2aae3,An error occurred (404) when calling the HeadObject operation: Not Found,Failed to create thumbnail
0ea9e443-81c3-4bd4-9871-3ead2dc0c433,An error occurred (404) when calling the HeadObject operation: Not Found,Failed to create thumbnail
8c753943-35a6-4b93-98a2-1d9b4bcc8ae7,An error occurred (404) when calling the HeadObject operation: Not Found,Failed to create thumbnail
f6a27d1a-3516-4a9d-ad7b-0d4cbd7341ff,An error occurred (404) when calling the HeadObject operation: Not Found,Failed to create thumbnail
5acdea0b-1410-457e-af61-60cc16abe6f4,An error occurred (404) when calling the HeadObject operation: Not Found,Failed to create thumbnail
4da007c4-b2a5-4ebe-9d43-6f0687d05190,An error occurred (404) when calling the HeadObject operation: Not Found,Failed to create thumbnail
af2f71bb-2de5-4838-a078-6031440d9130,An error occurred (404) when calling the HeadObject operation: Not Found,Failed to create thumbnail
4dd9f58a-0b81-4b68-9013-64da64118da4,An error occurred (404) when calling the HeadObject operation: Not Found,Failed to create thumbnail
554576a9-1889-41d8-b132-bac1634b5a57,An error occurred (404) when calling the HeadObject operation: Not Found,Failed to create thumbnail
783b76f5-0cfc-4336-8bd6-4cda81dd4b88,An error occurred (404) when calling the HeadObject operation: Not Found,Failed to create thumbnail
0a3080b8-4c92-4016-b90a-f5eae0f9288c,An error occurred (404) when calling the HeadObject operation: Not Found,Failed to create thumbnail
557e236c-5842-45cc-bfb1-2ad8565dc8ed,An error occurred (404) when calling the HeadObject operation: Not Found,Failed to create thumbnail
7278d76c-0b0f-4264-a4fc-eec3509198aa,An error occurred (404) when calling the HeadObject operation: Not Found,Failed to create thumbnail
c46cfb4e-bb9f-444c-9c2b-7fc0a1e442d0,An error occurred (404) when calling the HeadObject operation: Not Found,Failed to create thumbnail
fe06d85e-0955-4324-9603-ce35164771a9,An error occurred (404) when calling the HeadObject operation: Not Found,Failed to create thumbnail
e9b38f0f-8da7-48d4-b080-70a4fbb7708b,An error occurred (404) when calling the HeadObject operation: Not Found,Failed to create thumbnail
6aa88abf-7b0d-4359-b76b-ca15bb82f19d,An error occurred (404) when calling the HeadObject operation: Not Found,Failed to create thumbnail
3cf2c55f-bac8-49a9-82e7-76a193a04a51,An error occurred (404) when calling the HeadObject operation: Not Found,Failed to create thumbnail
02265b64-0dca-456e-9619-3cc79dafd2c8,An error occurred (404) when calling the HeadObject operation: Not Found,Failed to create thumbnail
2d68b245-3dff-4bba-a2b9-4a81db7f5203,An error occurred (404) when calling the HeadObject operation: Not Found,Failed to create thumbnail
ee79f8da-afd3-45ac-963d-d5eb43a60fd0,An error occurred (404) when calling the HeadObject operation: Not Found,Failed to create thumbnail
943e5ade-c90d-4448-923b-d81b2819224b,An error occurred (404) when calling the HeadObject operation: Not Found,Failed to create thumbnail
bf716895-9bd9-40c8-89ad-e8162f8cf3ab,An error occurred (404) when calling the HeadObject operation: Not Found,Failed to create thumbnail
3c298140-9336-4055-83bb-288512094176,An error occurred (404) when calling the HeadObject operation: Not Found,Failed to create thumbnail
3a5dc0ca-c9f9-461d-804b-5bc8e399fab3,An error occurred (404) when calling the HeadObject operation: Not Found,Failed to create thumbnail
76ae5322-97b9-45f3-af95-e3138a2457ca,An error occurred (404) when calling the HeadObject operation: Not Found,Failed to create thumbnail
649b13ec-ac21-4454-abcb-e1e95e9180a4,An error occurred (404) when calling the HeadObject operation: Not Found,Failed to create thumbnail
f650bc77-710a-4563-97a2-871d7c29f791,An error occurred (404) when calling the HeadObject operation: Not Found,Failed to create thumbnail
77f10769-b2eb-4d4b-a103-b8d023960a8a,An error occurred (404) when calling the HeadObject operation: Not Found,Failed to create thumbnail
a90ba9c9-048d-438d-9b67-0f46620f768c,An error occurred (404) when calling the HeadObject operation: Not Found,Failed to create thumbnail
81731599-7ef6-4c58-b2cb-9936e81b36bb,An error occurred (404) when calling the HeadObject operation: Not Found,Failed to create thumbnail
e8494d92-10c8-4e64-85a1-d6124c5a7f7b,An error occurred (404) when calling the HeadObject operation: Not Found,Failed to create thumbnail
176393ca-f624-435a-93a5-f88c55848993,An error occurred (404) when calling the HeadObject operation: Not Found,Failed to create thumbnail
66216cd6-4ef7-444b-b10a-77e345f42d70,An error occurred (404) when calling the HeadObject operation: Not Found,Failed to create thumbnail
d63b84a1-6163-4eb6-944b-598cf129006f,An error occurred (404) when calling the HeadObject operation: Not Found,Failed to create thumbnail
b2a4aa9f-4b9c-415c-835b-cc997a133486,An error occurred (404) when calling the HeadObject operation: Not Found,Failed to create thumbnail
f2e6930b-c9f1-4147-8553-2a2b9d445fbc,An error occurred (404) when calling the HeadObject operation: Not Found,Failed to create thumbnail
edfd10c4-49cb-484f-a75b-3542ab973e9b,An error occurred (404) when calling the HeadObject operation: Not Found,Failed to create thumbnail
a0f9af24-f1ca-4b28-a90c-c14743327c37,An error occurred (404) when calling the HeadObject operation: Not Found,Failed to create thumbnail
3005fee0-a484-4857-a863-7215c493628e,An error occurred (404) when calling the HeadObject operation: Not Found,Failed to create thumbnail
1a2b8e0d-b94d-4cb4-be09-ed613001301f,An error occurred (404) when calling the HeadObject operation: Not Found,Failed to create thumbnail
9adee9d4-bca2-46c3-b3e4-eef123140cc2,An error occurred (404) when calling the HeadObject operation: Not Found,Failed to create thumbnail
34faf863-a6d5-495a-87e8-39a57ab84774,An error occurred (404) when calling the HeadObject operation: Not Found,Failed to create thumbnail
5d1cf373-e7bc-479c-a30c-75f80ee46a10,An error occurred (404) when calling the HeadObject operation: Not Found,Failed to create thumbnail
d395338f-321c-4aad-b9f0-57a57542fa54,An error occurred (404) when calling the HeadObject operation: Not Found,Failed to create thumbnail
fabb9022-6303-400c-afc9-2e0277579ea5,An error occurred (404) when calling the HeadObject operation: Not Found,Failed to create thumbnail
36cf09cb-bc0c-4c4b-8a1f-7490e886208d,An error occurred (404) when calling the HeadObject operation: Not Found,Failed to create thumbnail
42066711-f69b-4771-97b7-e5aa3356354b,An error occurred (404) when calling the HeadObject operation: Not Found,Failed to create thumbnail
55466bb4-2d55-4de3-b34c-68ed3bca1709,An error occurred (404) when calling the HeadObject operation: Not Found,Failed to create thumbnail
19c82a7a-9b4f-49e7-ba82-ce0d7f0cc2fa,An error occurred (404) when calling the HeadObject operation: Not Found,Failed to create thumbnail
b5fe72a9-3141-4c23-a036-e69b35b0a2c1,An error occurred (404) when calling the HeadObject operation: Not Found,Failed to create thumbnail
637aa8c5-3238-412b-834e-2ca7188fae6e,An error occurred (404) when calling the HeadObject operation: Not Found,Failed to create thumbnail
4b54c2dd-cd70-4efb-8457-7d4c841d62db,An error occurred (404) when calling the HeadObject operation: Not Found,Failed to create thumbnail
0c14a1c6-de3f-4500-bf7d-0a8bc5ec1945,An error occurred (404) when calling the HeadObject operation: Not Found,Failed to create thumbnail
534a5341-9fdb-429c-8888-ead5d69c1f87,An error occurred (404) when calling the HeadObject operation: Not Found,Failed to create thumbnail
c22d3280-ce2b-4c83-bdd9-03a70fe3532d,An error occurred (404) when calling the HeadObject operation: Not Found,Failed to create thumbnail
7344d50d-8a52-46ba-83e8-a85cf75be56c,An error occurred (404) when calling the HeadObject operation: Not Found,Failed to create thumbnail
c1ff3bb5-0deb-474c-93f4-6060b9e0c3ec,An error occurred (404) when calling the HeadObject operation: Not Found,Failed to create thumbnail
958749e5-f2ae-49e4-96e1-32c1d6f276b1,An error occurred (404) when calling the HeadObject operation: Not Found,Failed to create thumbnail
9416beed-664a-4812-8787-f7b4922af8ae,An error occurred (404) when calling the HeadObject operation: Not Found,Failed to create thumbnail
8d0f6da3-023f-4986-acbc-d07c1d66928a,An error occurred (404) when calling the HeadObject operation: Not Found,Failed to create thumbnail
b4d61e9b-9f31-4f83-b228-93f664ddaacc,An error occurred (404) when calling the HeadObject operation: Not Found,Failed to create thumbnail
087ec5bc-9a11-404d-84eb-231dbbd91528,An error occurred (404) when calling the HeadObject operation: Not Found,Failed to create thumbnail
4a464f52-21fd-48e6-a33e-9e7f004037ae,An error occurred (404) when calling the HeadObject operation: Not Found,Failed to create thumbnail
75e7209d-38ed-4757-9935-2a2f47263a9b,An error occurred (404) when calling the HeadObject operation: Not Found,Failed to create thumbnail
d58243b0-fdc1-48ad-ad06-2686bf2c482a,An error occurred (404) when calling the HeadObject operation: Not Found,Failed to create thumbnail
406065b5-a9c4-4e48-9e15-dcdf55a0252d,An error occurred (404) when calling the HeadObject operation: Not Found,Failed to create thumbnail
4097a47d-812c-46cf-8fdb-460cf0312945,An error occurred (404) when calling the HeadObject operation: Not Found,Failed to create thumbnail
7c706835-2f84-4a34-a7c5-ad905e967fdf,An error occurred (404) when calling the HeadObject operation: Not Found,Failed to create thumbnail
d4837c1a-36c8-4084-bd81-97b7b797e924,An error occurred (404) when calling the HeadObject operation: Not Found,Failed to create thumbnail
693776d6-fb7e-4959-90ab-da57d443cf23,An error occurred (404) when calling the HeadObject operation: Not Found,Failed to create thumbnail
e9d50d84-cb71-4f75-b39f-0ab5c862d9ca,An error occurred (404) when calling the HeadObject operation: Not Found,Failed to create thumbnail
88b7e14e-e779-4bc4-96b6-bd55704e1cf8,An error occurred (404) when calling the HeadObject operation: Not Found,Failed to create thumbnail
e2c4cce6-baec-4233-9a08-0e42c8d3e053,An error occurred (404) when calling the HeadObject operation: Not Found,Failed to create thumbnail
fd15cff5-71c2-4f40-9c02-5a2b56484d8f,An error occurred (404) when calling the HeadObject operation: Not Found,Failed to create thumbnail
d6ee321e-9e8e-46a1-b0e4-d2ac84681bdf,An error occurred (404) when calling the HeadObject operation: Not Found,Failed to create thumbnail
337b5093-e37b-4aa1-93f2-49bb26d335b5,An error occurred (404) when calling the HeadObject operation: Not Found,Failed to create thumbnail
f481aef2-8ae4-472a-8eab-c10794a0bff0,An error occurred (404) when calling the HeadObject operation: Not Found,Failed to create thumbnail
f7fb39ee-ef89-4024-b071-65c032ef32ca,An error occurred (404) when calling the HeadObject operation: Not Found,Failed to create thumbnail
2320bfba-b55c-4a91-9cc6-ec094f747727,An error occurred (404) when calling the HeadObject operation: Not Found,Failed to create thumbnail
aa9b6f36-f218-49f5-aa8a-9f39bd629968,An error occurred (404) when calling the HeadObject operation: Not Found,Failed to create thumbnail
7ed31a2b-d409-45eb-9a83-9894417fa676,An error occurred (404) when calling the HeadObject operation: Not Found,Failed to create thumbnail
1e32a983-a70d-4055-9512-7cc2105461ee,An error occurred (404) when calling the HeadObject operation: Not Found,Failed to create thumbnail
17ad55c1-a306-4879-9a8c-b49db6d999a5,An error occurred (404) when calling the HeadObject operation: Not Found,Failed to create thumbnail
bdcad3c6-af95-4d41-8d8c-4f49e95df5cc,An error occurred (404) when calling the HeadObject operation: Not Found,Failed to create thumbnail
53b69d10-57c4-4040-9f41-e1149edd8dce,An error occurred (404) when calling the HeadObject operation: Not Found,Failed to create thumbnail
66c1d9d6-3c86-4c2e-808f-7f6a953466df,An error occurred (404) when calling the HeadObject operation: Not Found,Failed to create thumbnail
fd4447fa-9888-47c7-8bf0-5d7e9933e15a,An error occurred (404) when calling the HeadObject operation: Not Found,Failed to create thumbnail
f5756659-797b-493d-9d77-ac6a583519be,An error occurred (404) when calling the HeadObject operation: Not Found,Failed to create thumbnail
15fdc158-d1c6-4262-992e-aa0ab87144e5,An error occurred (404) when calling the HeadObject operation: Not Found,Failed to create thumbnail
5917da22-18ad-45a1-be21-214779f2c2da,An error occurred (404) when calling the HeadObject operation: Not Found,Failed to create thumbnail
f2ec72eb-cf32-40c2-b4a9-18ad157a3d53,An error occurred (404) when calling the HeadObject operation: Not Found,Failed to create thumbnail
a251773c-4830-4516-b0e4-4f2fe678a45f,An error occurred (404) when calling the HeadObject operation: Not Found,Failed to create thumbnail
8e3ce9bb-aaa8-4878-acb1-f8ce80099753,An error occurred (404) when calling the HeadObject operation: Not Found,Failed to create thumbnail
ceffd6a0-ba3b-4c30-a237-bd980204c382,An error occurred (404) when calling the HeadObject operation: Not Found,Failed to create thumbnail
84485614-f20f-47fe-8634-b26e637b258e,An error occurred (404) when calling the HeadObject operation: Not Found,Failed to create thumbnail
062eb661-3ad1-4c58-8c95-cfab5a56471d,An error occurred (404) when calling the HeadObject operation: Not Found,Failed to create thumbnail
2f49b9c3-af4f-4281-bdb7-8fc6deaf1e97,An error occurred (404) when calling the HeadObject operation: Not Found,Failed to create thumbnail
c5c70ae7-7877-47a8-be63-9f52983a7afa,An error occurred (404) when calling the HeadObject operation: Not Found,Failed to create thumbnail
275a0e63-b003-40f1-a539-d9d8f4b218af,An error occurred (404) when calling the HeadObject operation: Not Found,Failed to create thumbnail
223eeca0-e798-4829-8341-3351d91943c0,An error occurred (404) when calling the HeadObject operation: Not Found,Failed to create thumbnail
42b01d51-9feb-4bda-bee6-0610df070f75,An error occurred (404) when calling the HeadObject operation: Not Found,Failed to create thumbnail
78b22f50-4173-468f-8660-fda3f4cbb80f,An error occurred (404) when calling the HeadObject operation: Not Found,Failed to create thumbnail
1d05081b-2056-4a98-871f-d91dbb4548b4,An error occurred (404) when calling the HeadObject operation: Not Found,Failed to create thumbnail
70602907-6e62-4872-8084-f3f872fd6db2,An error occurred (404) when calling the HeadObject operation: Not Found,Failed to create thumbnail
844ccf7d-31d4-40a7-a2e0-2403bffedfa2,An error occurred (404) when calling the HeadObject operation: Not Found,Failed to create thumbnail
d06995a4-200c-438f-a1d3-81fb1cb6c2f3,An error occurred (404) when calling the HeadObject operation: Not Found,Failed to create thumbnail
810e3919-ad77-4c3c-b98f-5712639936d2,An error occurred (404) when calling the HeadObject operation: Not Found,Failed to create thumbnail
df280fae-6d1d-4c44-9169-fb0ef7b80107,An error occurred (404) when calling the HeadObject operation: Not Found,Failed to create thumbnail
d1c86778-dad9-4894-be3a-f4c8d88867c0,An error occurred (404) when calling the HeadObject operation: Not Found,Failed to create thumbnail
86bb017a-50ee-4014-80b3-7c951516109f,An error occurred (404) when calling the HeadObject operation: Not Found,Failed to create thumbnail
0b100648-81a9-4cdf-9c3a-639c0512ae02,An error occurred (404) when calling the HeadObject operation: Not Found,Failed to create thumbnail
cbca070c-0a5e-46b9-9f92-454f90d027f1,An error occurred (404) when calling the HeadObject operation: Not Found,Failed to create thumbnail
e09bd25b-8259-4f12-b238-6f49a77c8fd2,An error occurred (404) when calling the HeadObject operation: Not Found,Failed to create thumbnail
25966ddb-7f4e-4d18-a609-1a90852d7163,An error occurred (404) when calling the HeadObject operation: Not Found,Failed to create thumbnail
7b4e074d-603a-4baf-a090-2484f4aa7b2a,An error occurred (404) when calling the HeadObject operation: Not Found,Failed to create thumbnail
ba2c9271-04ba-4173-9da7-2688dabc1e8f,An error occurred (404) when calling the HeadObject operation: Not Found,Failed to create thumbnail
3c12c7e1-8f69-4476-ab68-8259079a4fc3,An error occurred (404) when calling the HeadObject operation: Not Found,Failed to create thumbnail
5f8356f7-78a4-4853-8738-9d4d9b4b28da,An error occurred (404) when calling the HeadObject operation: Not Found,Failed to create thumbnail
239701f8-0f09-49fb-b900-15dc42c1a4a3,An error occurred (404) when calling the HeadObject operation: Not Found,Failed to create thumbnail
508a6f0f-30bd-4ec5-8d90-d758eb3a2843,An error occurred (404) when calling the HeadObject operation: Not Found,Failed to create thumbnail
3fffbe78-1d8c-4281-b826-f9b30b0e04dc,An error occurred (404) when calling the HeadObject operation: Not Found,Failed to create thumbnail
e34d8841-c8cb-4bf9-9a8a-590d2d202af3,An error occurred (404) when calling the HeadObject operation: Not Found,Failed to create thumbnail
